Year,A CORUNA airport,AALBORG airport,AARHUS airport,AASEGARDEN airport,ABERDEEN/DYCE airport,ADANA airport,ADIYAMAN airport,ADOLFO SUAREZ MADRID-BARAJAS airport,AGEN-LA GARENNE airport,AGRI airport,AGRI/AHMED-I HANI airport,AIME CESAIRE/MARTINIQUE airport,AJACCIO-NAPOLEON-BONAPARTE airport,ALBUSKJELL F airport,ALCONBURY airport,ALDERNEY airport,ALESUND/VIGRA airport,ALEXANDROUPOLIS/DIMOKRITOS airport,ALGHERO/FERTILIA airport,ALICANTE airport,ALMERIA airport,ALMIROS/NEA ANCHIALOS airport,ALTA airport,AMASYA/MERZIFON airport,AMSTERDAM/SCHIPHOL airport,ANCONA/FALCONARA airport,ANDOYA/ANDENES airport,ANGELHOLM airport,ANGERS MARCE airport,ANGOULEME-BRIE-CHAMPNIERS airport,ANKARA/ESENBOGA airport,ANNECY-MEYTHET airport,ANTALYA airport,ANTWERPEN/DEURNE airport,AOSTA airport,ARAD airport,ARAXOS airport,ARE OSTERSUND airport,ASTURIAS airport,ASTYPALAIA airport,ATHINAI/ELEFTHERIOS VENIZELOS airport,AUGSBURG airport,AURILLAC airport,AVIGNON-CAUMONT airport,BACAU/GEORGE ENESCU airport,BADAJOZ airport,BADEN-OOS airport,BAIA MARE airport,BALE-MULHOUSE airport,BALIKESIR/KOCA SEYIT airport,BALIKESIR/MERKEZ airport,BARCELONA/EL PRAT airport,BARDUFOSS airport,BARENTSBURG airport,BARI/PALESE airport,BARRA airport,BARTH airport,BASEL airport,BASTIA-PORETTA airport,BATMAN airport,BATSFJORD airport,BAYREUTH airport,BEAUVAIS-TILLE airport,BEJA airport,BELFAST/ALDERGROVE airport,BELFAST/CITY airport,BEMBRIDGE airport,BENBECULA airport,BERGAMO/ORIO AL SERIO airport,BERGEN/FLESLAND airport,BERGEN/GRONNEVIKSOREN airport,BERGERAC-ROUMANIERE airport,BERLEVAG airport,BERLIN-SCHOENEFELD airport,BERLIN-TEGEL airport,BERLIN/TEMPELHOF airport,BERN-BELP airport,BEZIERS-VIAS airport,BIARRITZ-PAYS BASQUE airport,BIGGIN HILL airport,BILBAO airport,BILLUND airport,BINGOL airport,BIRMINGHAM airport,BJORNOYA airport,BLACKBUSHE airport,BLACKPOOL airport,BODO airport,BOLOGNA/BORGO PANIGALE airport,BOLZANO airport,BOMOEN airport,BONN-HANGELAR airport,BORDEAUX-MERIGNAC airport,BORKUM airport,BORNHOLM/RONNE airport,BOURNEMOUTH airport,BRAGANCA airport,BRATISLAVA/M.R.STEFANIK airport,BRAUNSCHWEIG-WOLFSBURG airport,BREMEN airport,BREMERHAVEN airport,BRESCIA/MONTICHIARI airport,BREST-BRETAGNE airport,BRINDISI/CASALE airport,BRISTOL airport,BRISTOL FILTON airport,BRIVE/LA ROCHE airport,BRIZE NORTON airport,BRNO/TURANY airport,BRONNOYSUND/BRONNOY airport,BRUSSELS airport,BUCURESTI/BANEASA-AUREL VLAICU airport,BUCURESTI/HENRI COANDA airport,BUDAPEST/LISZT FERENC INTERNATIONAL airport,BUOCHS airport,BURGAS airport,BURSA/YENISEHIR airport,BYDGOSZCZ/SZWEDEROWO airport,CAEN-CARPIQUET airport,CAGLIARI/ELMAS airport,CALVI-SAINTE-CATHERINE airport,CAMBRIDGE airport,CAMPBELTOWN airport,CANAKKALE airport,CANNES-MANDELIEU airport,CANNES/PALM BEACH airport,CARCASSONNE-SALVAZA airport,CARDIFF airport,CARLISLE airport,CASCAIS airport,CASTRES MAZAMET airport,CATANIA/FONTANAROSSA airport,CAYENNE-FELIX-EBOUE airport,CHALONS-VATRY airport,CHAMBERY-AIX-LES-BAINS airport,CHANIA/IOANNIS DASKALOGIANNIS airport,CHARLEROI/BRUSSELS SOUTH airport,CHATEAUROUX-DEOLS airport,CHERBOURG-MAUPERTUS airport,CHICHESTER/GOODWOOD airport,CHIOS/OMIROS airport,CLERMONT-FERRAND-AUVERGNE airport,CLUJ NAPOCA/AVRAM IANCU airport,COMISO airport,CONSTANTA/MIHAIL KOGALNICEANU airport,CORDOBA airport,CORK airport,CORVO airport,COURCHEVEL airport,COVENTRY airport,CRAIOVA airport,CRANFIELD airport,CUNEO/LEVALDIGI airport,DEAUVILLE-NORMANDIE airport,DEBRECEN airport,DENIZLI/CARDAK airport,DIJON-LONGVIC airport,DINARD PLEURTUIT SAINT MALO airport,DIYARBAKIR airport,DOKKA/THOMLEVOLD airport,DOLE-TAVAUX airport,DONAUESCHINGEN-VILLINGEN airport,DONCASTER SHEFFIELD airport,DORTMUND airport,DRESDEN airport,DUBLIN airport,DUBROVNIK/CILIPI airport,DUESSELDORF airport,DUNDEE airport,DURHAM TEES VALLEY airport,DZAOUDZI airport,EAST MIDLANDS airport,EDINBURGH airport,EGGEMOEN airport,EINDHOVEN airport,EKOFISK A airport,EKOFISK airport,ELAZIG airport,ELDFISK airport,EMDEN airport,ENONTEKIO airport,EPINAL-MIRECOURT airport,ERFURT-WEIMAR airport,ERZINCAN airport,ERZURUM airport,ESBJERG airport,ESKISEHIR/HASAN POLATKAN airport,ESSEN/MUELHEIM airport,EXETER airport,FAGERNES/LEIRIN airport,FARNBOROUGH airport,FARO airport,FARSUND/LISTA airport,FEDJE airport,FIGARI-SUD-CORSE airport,FIRENZE/PERETOLA airport,FLENSBURG-SCHAEFERHAUS airport,FLORES airport,FLORO airport,FOGGIA/GINO LISA airport,FORDE/BRINGELAND airport,FORDE/SENTRALSJUKEHUSET airport,FORLI airport,FRANKFURT-EGELSBACH airport,FRANKFURT-HAHN airport,FRANKFURT/MAIN airport,FREIBURG I.BR. airport,FRIEDRICHSHAFEN airport,FRIGG airport,FROYA/FLATVAL airport,FUERTEVENTURA airport,FUNCHAL/MADEIRA I. airport,FYRESDAL airport,GALWAY airport,GAZIANTEP airport,GAZIPASA-ALANYA airport,GDANSK IM LECHA WALESY airport,GEILO/DAGALI airport,GENEVA airport,GENOVA/SESTRI airport,GIRONA airport,GLASGOW airport,GLOUCESTERSHIRE airport,GOKCEADA airport,GOL/KLANTEN airport,GOTEBORG/LANDVETTER airport,GOTEBORG/SAVE airport,GRACIOSA airport,GRAN CANARIA airport,GRANADA/FEDERICO GARCIA LORCA GRANADA-JAEN airport,GRAZ airport,GRENCHEN airport,GRENOBLE-ISERE airport,GRONINGEN/EELDE airport,GUDRUN airport,GUERNSEY airport,GUETERSLOH airport,GULLKNAPP airport,HAKKARI/YUKSEKOVA SELAHADDIN EYYUBI airport,HALLI airport,HALMSTAD airport,HAMAR/STAFSBERG airport,HAMBURG airport,HAMBURG-FINKENWERDER airport,HAMMERFEST airport,"HAMMERFEST, FUGLENES airport",HANKO airport,HANNOVER airport,HANNOVER UIR airport,HARLE airport,HARSTAD/NARVIK/EVENES airport,HASVIK airport,HATAY airport,HATTFJELLDAL airport,HATTFJELLDAL/VOLLEN airport,HAUGESUND/KARMOY airport,HAVERFORDWEST airport,HAWARDEN airport,HEIDE-BUESUM airport,HEIDELBERG HEL airport,HELGOLAND-DUENE airport,HELSINKI-MALMI airport,HELSINKI-VANTAA airport,HERINGSDORF airport,HERNESAARI airport,HIERRO airport,HOF-PLAUEN airport,HOKKSUND airport,HONNINGSVAG/VALAN airport,HOPEN airport,HORDALAND airport,HORNMOEN airport,HORTA airport,HUMBERSIDE airport,HYERES-LE PALYVESTRE airport,HYVINKAA airport,IASI airport,IBIZA airport,IGDIR airport,IKARIA/IKAROS airport,IMMOLA airport,INGOLSTADT/MANCHING airport,INNSBRUCK airport,INVERNESS airport,IOANNINA/KING PYRROS airport,IRAKLION/NIKOS KAZANTZAKIS airport,IRELAND WEST airport,ISFJORD airport,ISLAY airport,ISLE OF MAN airport,ISPARTA/S.DEMIREL airport,ISTANBUL/ATATURK airport,ISTANBUL/SABIHA GOKCEN airport,IVALO airport,IZMIR/ADNAN MENDERES airport,JAN MAYEN airport,JARLSBERG airport,JEREZ airport,JERSEY airport,JOENSUU airport,JONKOPING airport,JUIST airport,JYVASKYLA airport,KAHRAMANMARAS airport,KAJAANI airport,KALAMATA airport,KALMAR airport,KALYMNOS airport,KAPADOKYA airport,KARLOVY VARY airport,KARLSRUHE/BADEN-BADEN airport,KARLSTAD airport,KARPATHOS airport,KARS/HARAKANI airport,KARUP airport,KASSEL-CALDEN airport,KASSOS airport,KASTAMONU airport,KASTELORIZO airport,KASTORIA/ARISTOTELIS airport,KATOWICE/PYRZOWICE airport,KAUHAVA airport,KAUNAS INTL airport,KAUTOKEINO airport,KAVALA/MEGAS ALEXANDROS airport,KAYSERI airport,KEFALLINIA/ANNA POLLATOU airport,KEFLAVIK airport,KEMI-TORNIO airport,KERKIRA/IOANNIS KAPODISTRIAS airport,KERRY airport,KIEL-HOLTENAU airport,KIRKENES/HOYBUKTMOEN airport,KIRKWALL airport,KIRUNA airport,KITHIRA/ALEXANDROS ARISTOTELOUS ONASSIS airport,KITTILA airport,KJELLER airport,KLAGENFURT airport,KOBENHAVN/KASTRUP airport,KOBENHAVN/ROSKILDE airport,KOBLENZ-WINNINGEN airport,KOCAELI/CENGIZ TOPEL airport,KOELN/BONN airport,KOKKOLA-PIETARSAARI airport,KONGSVINGER airport,KONSTANZ airport,KONYA airport,KOS/IPPOKRATIS airport,KOSICE airport,KOZANI/FILIPPOS airport,KRAKOW/BALICE airport,KRISTIANSAND/KJEVIK airport,KRISTIANSUND/KVERNBERGET airport,KRISTIN airport,KUOPIO airport,KUUSAMO airport,LA MOLE airport,LA PALMA airport,LA REUNION-ROLAND GARROS airport,LA ROCHELLE-ILE DE RE airport,LAAGE airport,LAJES airport,LAKSELV/BANAK airport,LAMEZIA TERME airport,LAMPEDUSA airport,LANDSHUT airport,LANGEOOG airport,LANNION airport,LANZAROTE airport,LAPPEENRANTA airport,LARNAKA/INTL airport,LAUSANNE-LA BLECHERETTE airport,LE CASTELLET airport,LE HAVRE-OCTEVILLE airport,LE MANS-ARNAGE airport,LE PUY-LOUDES airport,LE TOUQUET-COTE D'OPALE airport,LEEDS BRADFORD airport,LEIPZIG-ALTENBURG airport,LEIPZIG/HALLE airport,LEKNES airport,LEMWERDER airport,LENNART MERI TALLINN airport,LEON airport,LEROS airport,LERWICK/TINGWALL airport,LES EPLATURES airport,LES SAINTES/TERRE DE HAUT/FRENCH ANTILLES airport,LIEGE airport,LIEKSA-NURMES airport,LILLE-LESQUIN airport,LIMNOS/IFAISTOS airport,LIMOGES-BELLEGARDE airport,LINKOPING/SAAB airport,LINZ airport,LISBOA airport,LIVERPOOL airport,LJUBLJANA/BRNIK airport,LOCARNO airport,LODZ/LUBLINEK airport,LONDON GATWICK airport,LONDON HEATHROW airport,LONDON LUTON airport,LONDON STANSTED airport,LONDON/CITY airport,LONDONDERRY/EGLINTON airport,LORIENT-LANN-BIHOUE airport,LUBLIN airport,LUEBECK-BLANKENSEE airport,LUGANO airport,LULEA/KALLAX airport,LUNDE airport,LUQA airport,LUXEMBOURG airport,LYDD airport,LYNEHAM airport,LYON SAINT-EXUPERY airport,LYON-BRON airport,MAASTRICHT/AACHEN airport,MADEIRA airport,MAGDEBURG/CITY airport,MAGDEBURG/COCHSTEDT airport,MALAGA/COSTA DEL SOL airport,MALATYA airport,MALMO airport,MANCHESTER airport,MANCHESTER WOODFORD airport,MANDAL airport,MANNHEIM CITY airport,MANSTON airport,MARDIN airport,MARIE GALANTE airport,MARIEHAMN airport,MARSEILLE-PROVENCE airport,MEHAMN airport,MELILLA airport,MEMMINGEN airport,MENORCA airport,METZ NANCY-LORRAINE airport,MIDDLE WALLOP airport,MIKKELI airport,MIKONOS airport,MILANO/LINATE airport,MILANO/MALPENSA airport,MILDENHALL airport,MILOS airport,MITILINI/ODYSSEAS ELYTIS airport,MO I RANA/ROSSVOLL airport,MOENCHENGLADBACH airport,MOLDE/ARO airport,MONTPELLIER MEDITERRANEE airport,MOSJOEN/KJAERSTAD airport,MOSS/RYGGE airport,MUENCHEN airport,MUENSTER/OSNABRUECK airport,MUGLA/DALAMAN airport,MUGLA/MILAS-BODRUM airport,MURCIA/SAN JAVIER airport,MUS airport,NAMSOS airport,NANTES ATLANTIQUE airport,NAPOLI/CAPODICHINO airport,NARVIK/FRAMNES airport,NAXOS airport,NEWCASTLE airport,NEWQUAY airport,NICE-COTE D AZUR airport,NIEDERRHEIN airport,NIMES-GARONS airport,NORDEN-NORDDEICH airport,NORDERNEY airport,NORRKOPING/KUNGSANGEN airport,NORTHOLT airport,NORWICH airport,NOTODDEN/TUVEN airport,NUERNBERG airport,NY-ALESUND/HAMNERABBEN airport,OBERPFAFFENHOFEN airport,OESTERSUND airport,OFFENBURG airport,OLBIA/COSTA SMERALDA airport,OLD WARDEN airport,OOSTENDE/BRUGGE airport,OPPDAL/FAGERHAUG airport,ORADEA airport,OREBRO airport,ORLAND airport,ORNSKOLDSVIK airport,ORSTA-VOLDA/HOVDEN airport,OS/VAKSINEN airport,OSEBERG A airport,OSLO/GARDERMOEN airport,OST ADER/GULLKNALL airport,OSTRAVA/MOSNOV airport,Other airport - GERMANY,OUESSANT airport,OULU airport,OXFORD/KIDLINGTON airport,PADERBORN/LIPPSTADT airport,PAFOS/INTL airport,PALANGA/INTERNATIONAL airport,PALERMO/PUNTA RAISI airport,PALMA DE MALLORCA airport,PAMPLONA airport,PANTELLERIA airport,PARDUBICE airport,PARIS airport system,PARIS-CHARLES DE GAULLE airport,PARIS-ORLY airport,PARMA airport,PAROS airport,PAU-PYRENEES airport,PENZANCE airport,PERIGEUX-BASSILLAC airport,PERPIGNAN RIVESALTES airport,PERUGIA/S. FRANCESCO airport,PESCARA airport,PICO airport,PISA/S. GIUSTO airport,PLYMOUTH airport,PODGORICA airport,POINTE-A-PITRE/LE RAIZET/GUADELOUPE airport,POITIERS-BIARD airport,PONTA DELGADA airport,PORI airport,PORTIMAO airport,PORTO airport,PORTO SANTO airport,POZNAN/LAWICA airport,PRAHA/RUZYNE airport,PRESTWICK airport,PREVEZA/AKTION airport,PULA airport,PYHASALMI airport,QUIMPER-PLUGUFFAN airport,RAKKESTAD airport,RAKKESTAD/RYGGE airport,REDHILL airport,REGGIO CALABRIA airport,REGIONSYKEHUSET TC airport,REIMS/CHAMPAGNE airport,REINSVOLL airport,RENNES SAINT JACQUES airport,RETFORD/GAMSTON airport,REUS airport,RIGA airport,RIJEKA/KRK airport,RIMINI/MIRAMARE airport,RINGEBU/FRYA airport,ROCHEFORT-CHARENTE-MARITIME airport,RODEZ-AVEYRON airport,RODOS/DIAGORAS airport,ROGALAND/ORRE airport,ROGNAN airport,ROMA/CIAMPINO airport,ROMA/FIUMICINO airport,RONNEBY airport,ROROS airport,RORVIK/RYUM airport,ROST airport,ROTTERDAM airport,ROUEN-VALLEE DE SEINE airport,ROVANIEMI airport,RUEGEN airport,RZESZOW/JASIONKA airport,SAANEN airport,SAARBRUECKEN airport,SAINT BARTHELEMY/FRENCH ANTILLES airport,SAINT BRIEUC ARMOR airport,"SAINT MARTIN, GRAND CASE, GUADELOUPE airport",SAINT PIERRE PIERREFONDS airport,SAINT-ETIENNE-LOIRE airport,SAINT-NAZAIRE-MONTOIR airport,SALAMANCA airport,SALZBURG airport,SAMEDAN airport,SAMOS/ARISTARCHOS OF SAMOS airport,SAMSUN/CARSAMBA airport,SAN SEBASTIAN airport,SANDANE/ANDA airport,SANDEFJORD/TORP airport,SANDNESSJOEN/STOKKA airport,SANLIURFA/GAP airport,SANTA MARIA airport,SANTA MARIA OAC/FIC airport,SANTIAGO airport,SANTORINI airport,SAO JORGE airport,SATU MARE airport,SAVONLINNA airport,SCATSTA airport,SEINAJOKI airport,SEVE BALLESTEROS-SANTANDER airport,SEVILLA airport,SHANNON airport,SHEFFIELD CITY airport,SHOREHAM airport,SIAULIAI/INTERNATIONAL airport,SIBIU airport,SIEGERLAND airport,SIIRT airport,SINOP airport,SINSHEIM airport,SION airport,SIRNAK/SERAFETTIN ELCI airport,SITIA/VITSENTZOS KORNAROS airport,SIVAS/NURI DEMIRAG airport,SKELLEFTEA airport,SKIATHOS/ALEXANDROS PAPADIAMANDIS airport,SKIEN/GEITERYGGEN airport,SKIROS airport,SKOPJE airport,SLEIPNER A airport,SODANKYLA airport,SOFIA airport,SOGN OG FJORDANE airport,SOGNDAL/HAUKASEN airport,SONDERBORG airport,SORKJOSEN airport,SOUTH MARSTON airport,SOUTHAMPTON airport,SOUTHEND airport,SPLIT/KASTELA airport,ST. GALLEN-ALTENRHEIN airport,ST. PETER-ORDING airport,STATFJORD B airport,STAVANGER/SOLA airport,STOCKHOLM/ARLANDA airport,STOCKHOLM/BROMMA airport,STOCKHOLM/SKAVSTA airport,STOCKHOLM/VASTERAS airport,STOELLN/RHINOW airport,STOKMARKNES/SKAGEN airport,STORD/SORSTOKKEN airport,STORNOWAY airport,STRASBOURG airport System,STRASBOURG-ENTZHEIM airport,STRAUBING airport,STUTTGART airport,SUCEAVA/STEFAN CEL MARE airport,SUMBURGH airport,SUNDSVALL-TIMRA airport,SVALBARD/LONGYEAR airport,SVEA airport,SVOLVAER/HELLE airport,SWANSEA airport,SYLT airport,SYROS/DIMITRIOS VIKELAS airport,SZCZECIN/GOLENIOW airport,TAMPERE-PIRKKALA airport,TANA BRU (TANA BRIDGE) airport,TARANTO/GROTTAGLIE airport,TARBES LOURDES PYRENEES airport,TARGU MURES/TRANSILVANIA airport,TEKIRDAG/CORLU airport,TENERIFE NORTE airport,TENERIFE SUR/REINA SOFIA airport,THESSALONIKI/MAKEDONIA airport,THISTED airport,TIMISOARA/TRAIAN VUIA airport,TIREE airport,TIVAT airport,TOKAT airport,TORINO/CASELLE airport,TOULOUSE/BLAGNAC airport,TOURS VAL DE LOIRE airport,TRABZON airport,TRAPANI/BIRGI airport,TREVISO/S.ANGELO airport,TRIER-FOEHREN airport,TRIESTE/RONCHI DEI LEGIONARI airport,TROMSO/LANGNES airport,TRONDHEIM/VAERNES airport,TRYSIL/SAETERASEN airport,TULCEA/DELTA DUNARII airport,TURKU airport,TYNSET airport,UMEA airport,Unknown airport - FINLAND,Unknown airport - NORWAY,Unknown airport - SLOVAKIA,UNST airport,USAK airport,UTTI airport,VAASA airport,VADSO airport,VAEROY airport,VALENCIA airport,VALHALL A airport,VALLADOLID airport,VALLE/ARAKSOYENE airport,VALLHALL PH airport,VAN/FERIT MELEN airport,VARDO/SVARTNES airport,VARKAUS airport,VARNA airport,VAXJO/KRONOBERG airport,VENEZIA/TESSERA airport,VERONA/BOSCOMANTICO airport,VERONA/VILLAFRANCA airport,VIGO airport,VILA REAL airport,VILNIUS/INTERNATIONAL airport,VISBY airport,VISEU airport,VITORIA airport,WADDINGTON airport,WANGEROOGE airport,WARSZAWA/MODLIN airport,WARSZAWIA/CHOPINA airport,WICK airport,WIEN-SCHWECHAT airport,WORMS airport,WROCLAW/STRACHOWICE airport,WYK AUF FOEHR airport,YME airport,ZADAR/ZEMUNIK airport,ZAFER airport,ZAGREB/PLESO airport,ZAKINTHOS/DIONISIOS SOLOMOS airport,ZARAGOZA airport,ZONGULDAK/CAYCUMA airport,ZURICH airport,ZWEIBRUECKEN airport
1993,,,,,5945,,,,,,,,,,,29,,,,,,,,,,,,,,,,,,,,,,,,,,,,,,,,,,,,,,,,,,,,,,,,,3844,57,3,3,,,,,,16603,,18011,3682,,,1312,,,,43371,,,186,,,,,,,,,558,,,,12930,,,,,13483,,,,,,,,,,,,,,,,,1869,,,,,,8676,2,,,,,,,,,,,2,,,,,,,,,,2402,,1,,,,,,,,,,,,,4880,,,101328,,2046,,13925,6533,,,,,,,,,,1399,,,,,,1111,,1,,,,,,,,,,,,,,,259230,,,,,,,,,,,,,77496,,,20099,641,,,,,,,,8127,,,,,3546,,,,,,,59508,,,,,,31503,,,,,,,,,6,,,,,,,,,,,,,,,,3254,,,,,,,,,8265,122,,,,,,1001,,,,,,,,,3953,,,,,,,,,,,,,,,,,,,,,,,,,,,,,,,,,,,35,,,,,3445,151410,,,,44209,,,,,,,,,,,,,,,,,,,,,,,,,,,,,,,,,,,8421,,7095,,,,,,,,,,,,,,,8712,,3972,,,,141284,316500,15987,35518,11363,,,,,4010,,,,33449,231,,,,,,,,,,,89416,,,,208,,,,,,,,,,1,,,,,2,,,,,,,,,109063,4147,,,,,,,,,,15175,,,,,,,,,3061,,23099,,,,,,1,,,,,,,,,,,,,,,,2,,,,,,,,,,,,,,,,,,,,,,6,,,,,,,,,,,935,,,,,,,,,,,,,,,,,,,,,,,,,,,,,,,,,,,,3084,,,,,,,,14258,,,,,,,,,,,,,,,,,,,,,,,,,,,,,213,,,,,,,,,,,,,,,,,5127,917,,1290,,,,0,,,,,,,,,,,50154,,524,,,,,5,,,,,,,,,,,,,,,,,,,,,,,,,,,,,,,,,,,,,,,,,,,,,,,,,,,,,,,,,,,,,,,,,2,102087,,,,,,,,,,,171957,
1994,,,,,6513,,,,,,,,,,1,5,,,,,,,,,,,,,,,,,,,,,,,,,,,,,,,,,,,,,,,,,,,,,,,,,4509,78,,,,,,,,18453,,14552,5128,,,2076,,,,48679,,1,116,,,,,,,,,3980,,,,13482,,,,,12766,1,,2,,,,,,,,,,,,,,2225,,,,,,9915,,,,,,,,,,,,,,,,,,,,,,3071,,,,,,,,,,,,,,,6613,,,105012,,2254,,18452,7109,,,,,,,,,,1731,,,,,,2743,,,,,,,,,,,,,,,,,273887,,,,,,,,,,,,,79620,,,22359,329,,,,,,,,8259,,,,,3663,,,,,,,61109,,,,,,35102,,,,,,,,,,,,,,,,,,,,,,,,,4335,,,,,,,,,7556,57,,,,,,1008,,,,,,,,,4063,,,,,,,,,,,,,,,,,,,,,,,,,,,,,,,,,,,39,,,,,3483,155985,,,,48319,,,,,,,,,,,,,,,,,,,,,,,,,,,,,,,,,,,9193,,8901,,,,,,,,,,,,,,,8753,,4184,,,,148188,335944,14093,42480,15861,,,,,3626,,,,35401,29,,,,,,,,,,,98097,,,,228,,,,,,,,,,,,,,,2,,,,,,,,,111493,5234,,,,,,,,,,16025,,,,,,,,,3102,,25035,,,,,,,,,,,,,,,,,,,,,,,,,,,,,,,,,,,,,,,,,,,,10,,,,,,,,,,,2229,,,,,,,,,,,,,,,,,,,,,,,,,,,,,,,,,,,,4206,,,,,,,,14447,,,,,,,,,,,,,,,,,,,,,,,,,,,,,154,,,,,,,,,,,,,,,,1,5858,3073,,1600,,,,0,,,,,,,2,,,,51776,,670,,,,,1,,,,,,,,,,,,,,,,,,,,,,,,,,,,,,,,,,,,,,,,,,,,,,,,,,,,,,,,,,,,,1,,,,13,111897,,,,,,,,,,,177833,
1995,,,,,7312,,,,,,,,,,,20,,,,,,,,,,,,,,,,,,,,,,,,,,,,,,,,,,,,,,,,,,,,,,,,,4791,457,,,,,,,,18831,,12175,6908,,,960,,,,50269,,,122,,,,,,,,,1340,,,,13994,,,,,14101,,,,,,,,,,,,,,,,,2273,,,,,,10417,,,,,,,,,,,,,,,,,,,,,,3374,,,,,,,,,,,,,,,7556,,,111348,,2602,,22121,8020,,,,,,,,,,1733,,,,,,2103,,1,,,,,,,,,,,,,,,288871,,,,,,,,,,,,,79495,,,19053,146,,,,,,,,7934,,,,,3875,,,,,,,63915,,,,,,38412,,,,,,,,1,4,,,,,,,,,,,,,,,,4662,,,,,,,,,7174,67,,,,,,1023,,,,,,,,,5605,,,,,,,,,,,,,,,,,,,,,,,,,,,,,,,,,,,40,,,,,3524,162525,,,,58862,,,,,,,,,,,,,,,,,,,,,,,,,,,,,,,,,,,9722,,10896,,,,,,,,,,,,,,,10149,,5344,,,,158437,348414,18496,46097,18120,,,,,5590,,,,36540,29,,,,,,,,,,,98685,1,,,232,,,,,,,,,,,,,,,2,,,,,,,,,116958,7348,,,,,,,,,,15856,,,,,,,,1,3810,,28968,,,,,,,,,,,,,,,,,,,,,,1,,,,,,,,,,,,,,,,,,,,,,3,,,,,,,,,,,3562,,,,,,,,,,,,,1,,,,,,,,,,,,,,,,,,,,,,,5427,,,,,,,,18755,,,,,,,,,,,,,,,,,,,,,,,,,,,,,202,,,,,,,,,,,,,,,,,5159,2593,,1732,,,,0,,,,,,,7,,,,50834,,409,,,,,,,,,,,,,,,,,,,,,,,,,,,,,,,,,,,,,,,,,1,,,,,,,,,,,,,,,,,,,,,,,,,,,,,11,128868,,,,,,,,,,,184419,
1996,,,,,7452,,,,,,,,,,,6,,,,,,,,,,,,,,,,,,,,,,,,,,,,,,,,,,,,,,,,,,,,,,,,,4748,1084,,,,,,,,17816,,13605,8102,,,849,,,,51733,,1,539,,,,,,,,,1408,,,,15327,,,,,14295,2,,,,,,,,,,,,,,,,2484,,,,,,10622,,,,,,,,,,,,1,,,,,,,,,,2670,,,,,,,,,,,,,,,8685,,,109402,,2602,,22570,9656,,,,,,,,,,1944,,,,,,1570,,,22004,,,,,,,,,,,,,,297387,,,,,,,,,,,,,82904,,,18249,123,,,,,,,,8387,,,,,3488,,,,,,,66216,,,,,,41012,,,,,,,,,4,,,,,,,,,,,,,,,,4486,,,,,,,,,7103,79,,,,,1,1140,,,,,,,,,5346,,,,,,,,,,,,,,,,,,,,,,,,,,,,,,,,,,,60,,,,,3619,205009,,,,66585,,,,,,,,,,,,,,,,,,,,,,,,,,,,,,,,,,,9810,,12363,,,,,,,,,,,,,,,10673,49840,5191,,,,173710,355431,23008,54853,25288,,,,,5625,,,,37627,31,,,,,,,,,,,96042,,,,96,,,,,,,,,,,,,,,,,,,,,,,,133909,7514,,,,,,,,,,16532,,,,,,,,1,3564,,28847,,,,,,,,,,,,,,,,,,,,,,1,,,,,,,,,,,,,,,,,,,,,,11,,,,369,,,18030,,,,3719,,,,,,,,,,,,,,,,,,,,,,,,,,,,,,,,,,,,4536,,,,,,,,19964,,,,,,,,,473,,,,,,,1,,,,,,,,,,,,,161,,,,,,,,,,,,,,,,,6094,2178,,2318,,,,0,,,,,,,69,,,,60859,,300,,,,,,,,,,,,,,,,,,,,,,,,,,,,,,,,,,,,,,,,,,,,,,,,,,,,,,,,,,,,,,,,,,,,,,19,138339,,,,,,,,,,,199205,
1997,,,,,8431,,,,,,,,,,,6,,,,,,,,,,,,,,,,,,,,,,,,,,,,,,,,,,,,,,,,,,,,,,,,,4762,1103,,1,,,,,,18616,,13858,8340,,,863,,,,55106,,,158,,,,,,,,,2359,,,,14729,,,,,14922,,,,,,,,,,,,,,,,,2087,,,,,,10744,,,,,,,,,,,,2,,,,,,,,,,3011,,,,,,,,,,,,,,,10192,,,116421,,3465,,24809,11154,,,,,,,,7,,2057,,,,,,1495,,,21890,,,,,,,,,,,,,,300105,,,,,,,,,,,,,83138,,,19813,84,,,,,,,,8747,,,,,2756,,,,,,,70670,,,,,,43992,,,,,,,,,87,,,,,32121,,,,,,,,,,,3982,,,,,,,,,7497,460,,,,,3,1603,,,,23,,,,,4772,147,,,184,,1,,,,,,,,,,,,,,,,,,,,,,,,1,,,,,49,,,54,,4291,218741,,,,71928,16,,,,,,,,,,,26,3,,,,,,,,,,,,,,9,,,,,,,,10470,,12135,,,,,,,,,,,,,,,10372,51190,5649,,,,188115,361048,29411,60137,30446,,,,,2606,,,,40329,425,,,,,,,,,,,102873,,,,64,,,466,,,,,,,,,,,,2,,,,,,,,,153903,8900,,,,,,,,,,17518,,,,,,,,1,4183,,30729,,,,,,,,,,,,,,,,,,,,,802,,,,,,,,,,,,,,,,,,,,,,,10,,,,475,595,,20081,,,,4338,,,,,,,2,,,,,,,,,,,,,,,,,,,,,,,,,268,,,,4310,,,,,,,,19661,,,,,,,,,574,,,,,,14,,,,,,7,1,,,,,,,35,,,,,,,,,,,,,,,,,6753,2012,,1938,,,,0,,,,,,,172,,,,60746,,251,,,,,,,,,1359,,,,,,,,,,,,,,,,,,,,,,,,,,2381,,,,,,,,,1664,,,,,,,,,,4,,,,,,,,,,,,,,,,29,140196,,,,,,,,,,,221019,
1998,,,,,8318,,,,,,,,,,,,,,,,,,,,361037,,,,,,,,,,,,,,,,,,,,,,,,,,,,,,,,,,,,,,,,6916,717,,3,,,,,,18284,48442,11249,8275,,,247,,,,60544,,,197,,,,,,,,,2223,,,,15451,,,,,15265,,,,,,,,,,,,,,,,,1570,,,,,,10640,,,,,,,,,,,,,,,,,,,,,,2186,,,,,,,,,,,,,,,10514,,,119433,1,4389,,26258,12713,,10172,,,,,,10,,2003,,,,,,1751,,,24177,,,,,,,,,,,,,,309568,,,,,,,,,,,,,87241,,,20818,,,,,,,,,9594,,,,,,,,,,,,73928,,,,,,45077,,,,,,,,,109,,,,1,73992,,,,,,,,,,,3317,,,,,,,,,7929,196,,,,,,,,,,19,,,,,,211,,,1054,,9,,,,,,,,,,,,,,,,,,,,,,,,2,,,,,,,,86,,3727,,,,,62829,19,,,,,,,,,,,18,3,,,,,,,,,,,,,,386,,,,,,,,11690,,11847,,,,,,,,,,,,,,,10561,61016,6552,,,,198149,371994,33243,76735,32392,,,,,2113,,,,43276,269,,,,4755,,,,,,,112807,,,,221,,,907,,,,,,,,,,,,,,,,,,,,,161703,10217,,,,,,,,,,18712,,,,,,,,,3332,,29199,,,,,,,,,,,,,,,,,,,,,1643,,,,,,,,,,,,,,,,,,,,,,,,,,,447,1218,,23807,,,,5247,,,,,,,,,,,,,,,,,,,,,,,,,,,,,,16362,,526,,,,4413,,,,,,,,17834,,,,,,,,,466,,,,,,10,,,,,,1506,,,,,,,,73,,,,,,,,,,,,,,,,,6331,63,,1985,,,,0,,,,,,,6,,,,64691,,61,,,,,,,,,2671,,,,,,,,,,,,,,,,,,,,,,,,,,4571,,,,,,,,,3596,,,,,,,,,,,,,,,,,,,,,,,,,,3,147602,,,,,,,,,,,230032,
1999,,,,,9472,,,,,,,15371,543,,,,144,,33,,,,3,,382049,2500,2,59,,,,,,,,,,,,,,,,,,,,,78359,,,,25,,15,,,,513,,,,4016,,7395,540,,,12730,9036,,,,17583,52506,9396,8073,,524,121,,,,70878,,,1825,146,35321,,,,11497,,,2052,,,,15671,,,317,10,16045,,,,,,267180,,,,,,,,,45,895,1468,,,,,,11317,,,,6784,1786,,,,,,,,,,,,,,14509,,,972,,,,,,,,,,,,,,,11045,136253,,125399,2,5244,,25797,18188,,10847,,,,,,18,,2178,,,,,,1939,99,,25564,8,,245,18095,,,1,,,,,,,334047,,,,,,,,,,,,43,91390,8474,,22511,3,,,45759,,,,,9272,,334,,,,,,,,69,,78029,,,,,,50066,,229,,,,,1644,,59,,,,4,76070,,,,,,,,,,,4463,15,,,,,,,,9328,67,,,,,,,,,,22,,,,,,47,3455,,1093,,12,,2183,,,,,2173,,,,,,,,,,5,,,,,,,2,,,,194,3,67,,122,,2837,,,,,70539,24,,,,,,,,4218,21,,51,13,,,8206,,,,17,6,,,,,,349,,,,,,,,12724,,13502,,,,,,,,,,,2430,,,,10612,70107,10084,,,,202081,379916,37483,103737,34434,,,,,1944,578,,,48356,447,,59790,,5798,,,,,,10288,118004,,,,693,,,1069,27382,,,,,590,,,,33880,149798,,,,3,,24,1269,,3,178623,12317,,,,,,8938,12840,,,19176,,111654,,16,,,4221,,3511,3,28556,,,58,,2430,,,,,,2,22,1,,,85099,,,,,1429,,,,,529,,,,,447353,,,,,15,,,62,,,,7217,,,8920,,463,1140,,25843,,,,6605,,,,,,,,,,,,2505,,,,,1507,,,,,,,8357,126367,1105,2,,,17421,,505,,,,4361,,,,,,,,16356,,,,,,5664,5,,257,,,,,,11,,,,,19336,1945,,,,,,,,88,,,,30,,13,,,,,,,,,,,5607,89,,2562,,,15551,143457,1279,,,,,17,2,,13539,,69700,,44,357,3,,,,,,,2052,,,3036,,,,,,,,,,,24041,23997,,,2,,,3296,392,2556,,,4023,,901,,,,,,,4424,,,,,,,,,,6,,,36925,,13110,,,,251,,,,,,,1,153091,,,,,,,,,,,247605,
2000,304,,,,38169,,,177420,,,,13563,440,,,9,328,,10,29225,3742,,22,,411860,2699,,61,,,,,,,,,,,631,,,,,,,18,,,57102,,,123529,54,,17,2,,78768,572,,,,4089,,6609,518,,82,19397,9631,,,,,,,8706,,765,1075,13751,,,79444,,,10264,166,37839,,,,12841,,,2357,,,,,,,442,7,17729,4,,,,,304758,,,,,,,,,20,,1525,28,,,,,13709,,,,7096,1672,,,,,,,1,,,,,,,15589,,,3220,,,,,,,,,,,,,,,,143684,,,31,5749,,27649,21118,,13764,,,,,,36,,,,,,,,2108,,3,,,,,19205,,,,,,,,,,,,,,,15550,,,,,,,,99557,9844,3570,24264,90,,,47710,,,40438,61,11164,,,1052,,2262,,,,,60,,,,,,,,,,128,,,,,799,,,,,,1,78498,,,,,,,,,,,11282,27,,,20097,,,,,10368,928,,,,,32,1816,,,,49,,,,2237,5364,55,3536,,1115,,18,,1530,,,,,2415,,,,,,,,,,,,,,,,,1,,,,58,33,77,,149,,3863,,,,,,25,,,,,,,,3539,138,,50,12,,2203,8285,,,,41,2,,,,,21030,244,,,,,,,,15150,,,,,,,,218,,,,,2550,,,,12797,,13717,,,,210115,393307,43252,121805,37451,,,,,718,613,,,50639,224,1,65311,,9927,,,,51727,,10384,127208,,,,927,,,1197,32445,,,,10870,1487,,,,21394,178713,,,,,,46,1220,,,,,,,836,,,9797,14902,,,19875,,116830,,406,,,3531,2,9047,,,,,119,,2198,,,,,,,8,,,,90282,,,,,1461,,,,,302,90150,79,,,487641,,,,,18,1,,422,,,,8925,1,,8924,,,1046,,,,,,6642,,,,,,,,,,,,564,,3854,,,1389,,,,,,,8813,134781,1268,23,,,21316,,510,,,,,,,,,,,,16714,,,,4,,,,,,,3804,,,,4,7431,,24,4533,21572,2039,,,,,,,,126,,,,56,,,,,,,,,,,,1,7844,668,,3178,,,14601,150905,1727,,,,,,342,,10007,,,,870,372,20,,,,,,,3447,,,2746,,,344,42418,,,,7,,,28654,25727,,,,,,3218,441,2102,,,5708,,459,,,,,,2,3782,,,9823,,698,,,,,3,,,40445,,22122,1407,,,137,,3556,,,,,233,165856,,,,,,,,,1265,,268605,
2001,1353,,4766,,5851,,,177503,,,,7072,295,,,,454,,,31656,3562,,7,,416184,,8,53,,,,,,,118,,,,767,,,,,,,72,,,57761,,,129654,8,,,,,80467,534,,,,4098,,1323,,,,,9823,,,,,,,6168,,941,,14245,23817,,45595,,,,140,,676,,,15404,,131,4,,6413,,,,1882,477,,176,,,,,110,300492,,,71891,,,,,,1125,,85,,,,,,705,,,,8608,1530,,,,,,,,,,,,,10,17595,,,785,,,117,,,,,,,,,,,,,151076,,,,420,,13204,10164,,9859,,,,,,36,,,,,,,,,84,,974,39,,,21624,,,41,,1,,,,,,,,,,15203,496,,,,,,83,98154,,3944,10753,,,,44382,,,37630,105,10683,,545,1238,,1473,,,,,518,,,,,,,,,,118,,,,,525,,,,,,8,83404,,,,,,,,,,,1456,,,,19058,,,,,8647,,,,,,,732,,,,31,,,,2966,1570,37,2706,,1125,,30,,833,,,,,1946,,,296,,,,,,,,,,,,,,5,,,,231,,71,,198,,3188,243776,,,,,28,,,,,3324,,,2834,63,,62,24,,2352,8709,,,,100,,,,,,20233,25,44197,,,,,,,2631,,,,,18230,7,,,,,,,2380,,,,10998,1444,2259,,,,125547,353076,7511,41880,,,,,,393,487,,27082,50518,,,68827,,10076,,,,54499,,8266,73221,,,,899,,,980,30090,,3,,10871,2796,,,,28357,182174,,,,,,109,992,2,,,,,,1366,,,9674,16844,4,,5351,,113283,,1153,,,2981,,2682,3,,,,89,,,,,,,,,6,,,,87126,,,,,1659,,,18273,,3469,86760,272,,,,442723,47101,882,,,,,734,,,,,,,7458,,66,1082,,523,35,,,1996,,,,,,,,,,,,521,,3952,18910,,2787,,,,,,,18,120250,1457,,,,18962,,519,,,,,,,,,,,47,16002,,,,63,,8617,5,,31,,2813,,,,8,,,50,5359,21188,,,,,,,,,104,,,,68,,40,,,,,,,,,,,156,77,,3272,,,14264,152786,1631,,,,,6,,,11112,,,,,270,18,,2,,,,,4382,,,2696,,,429,41713,,,,,,,28262,29929,,,,,,,362,2143,,,5360,,460,,,,,,15,3636,,,10767,,835,,,,,,,,38347,20974,,1017,,,117,,3635,,,,,3,166240,,,,,,,,,1132,,255099,
2002,1150,,4770,,6061,,,184091,49,,,9897,521,,,,448,,,36438,3500,,43,,402293,,11,15,65,,,147,,,,,,,864,,,,,359,,27,,,53249,,,137646,8,,1942,,,75585,825,,,,7107,,254,,,,22329,9806,,655,,0,0,0,6097,24,1116,,13361,22952,,38112,,,,157,36258,429,,,15374,,126,118,,,,0,,1946,1256,692,412,,4,,1740,264,220723,,,71461,22,,,,1400,1115,1319,72,,,,,1550,541,,,47,7300,3018,,1676,,,,,,,7503,,,,,17868,,,1018,,,,855,,,768,3629,,,,,,,0,148275,,0,,362,,12236,7494,,9426,,,,,,40,,0,,,1411,,,,73,,28849,87,,715,19634,,1,99,606,,,1545,,,0,,,,,16715,7601,,,,,,133,114961,,3499,7953,1,,,43857,,,38129,102,11121,97,1250,1179,,1250,,,,,10,,0,,,,,0,,,108,,,,,351,,,,,,,79220,,,,,,,,,,9,93,1006,,,17078,,,,,7646,,,,,,,539,,,,86,,,,2431,1049,51,2247,,1138,,32,,657,,,196,,1453,,,237,,,,,,,,,,,,,,26,,,,215,,42,,319,,3083,223316,,,,0,52,,,,,,,,2961,102,,104,56,,2216,9183,844,,,106,,,,,17,20684,27,,64,,1350,,,,1596,,0,1,,17671,2,,,280,,,,3923,,589,,9246,85107,1586,,2,,94126,345190,6538,32364,1,,406,,,1291,464,,25295,48400,,,65558,,6998,,,,58974,,7263,70066,,,,799,,,975,30764,,,,10386,2705,,,,27117,168593,,,,2,,61,2447,,11,0,0,,,2233,,1,10842,16934,2,,3578,,103961,,1269,,,2940,,2535,17,0,,,94,,3946,,,,,,17,,,,,81844,,726,,,1742,,,,,4452,82302,152,,,,472289,58844,870,,79,,60,1543,,2092,,,,,14032,735,808,168,,31141,30,,51476,2090,,,,42,,,,,,,,1505,,3937,18417,,2379,,,24,,,,8124,98705,356,27,,,17745,486,652,,,86,0,18843,,,1556,947,,21,15811,842,,,23,,10564,3,,102,,2706,,,,15,,,42,5568,21864,,,,,,,,,1328,,,,28,,16,,,,,,,2,,,,102,104,,4499,,,15517,133119,1533,,,,1,33,1,,9979,,0,,,76,25,,,,,,,4697,,,3119,,,303,42065,,,,,,,25745,30759,601,,,5962,,,466,2226,,,5854,,234,,,10983,,,21,2868,,,8368,,785,,,,1,4,,,38204,,20754,740,,,115,,3096,,,,,,167504,,,,,,,,,1170,,241761,
2003,6057,12827,12875,,76818,,,363182,1536,,,26048,14880,1,,,9368,3721,,59417,10173,440,6063,,394885,12747,3031,4770,1718,1207,,1495,,,29,,758,,9808,668,159123,2990,1013,2779,,,7,,43752,,,257129,1972,1,19953,1082,22,43441,14136,,2274,39,8944,,39893,30181,,2342,44019,61929,,3949,1727,19795,134320,27054,6973,1924,9792,113,39243,29218,,116026,,,9195,36693,55312,2691,,54,47000,8,2000,10380,,,593,28181,,5065,13715,7569,49547,,1061,,3541,5998,231213,,,81282,,,,,4002,23635,5595,105,967,,3725,3859,1861,21230,,,1923,52268,11171,,2609,13989,,451,1409,,5059,37866,,,,,35150,,,1950,,,,1353,,,2155,3452,,,591,67,,11801,24257,163268,,173319,2803,9318,,54010,105178,,11497,1,,,4,19,134,677,10712,,,10455,,174,5624,1314,,31840,154,,6784,28076,23,1107,5328,436,3520,,3787,149,20184,444468,33,6291,1,,32564,23356,1,,,,,166,115276,19429,9573,88075,,,,57466,,,83512,6194,18444,,3650,2457,2,,50,,,12,,8,127135,363,7553,2,,68359,,1,8178,1067,,1,,9180,,60,3,1,8,15,152847,252,1,,1598,,2730,1,6,2,4422,12519,6838,2,,35508,,398,,,13622,12034,2757,39563,,,1125,,,,,1593,,6,14,6679,,3367,7393,35,4825,,1897,802,4504,,,542,,5561,3315,,2579,250,672,,520,270,,4,,1,3901,,3456,13520,2096,15037,,3738,6887,8650,2407,612,2248,12,6806,243404,,17,,131297,3019,113,6,,11789,,383,,13704,6539,,5012,1335,1131,15843,14000,3085,,,2280,,,21,22,1294,40672,3232,53396,,,7530,1134,885,931,29393,36,31281,4249,4,19406,,1067,585,,1100,,,20092,2671,5198,,15023,112675,38757,,,,234450,457075,58419,169181,48019,4278,4518,,94,6724,10975,,30847,49026,618,,118885,2940,8299,,35,,91125,,26508,191515,,1,3743,1104,,2298,4589,84067,2332,7083,,24985,11357,,909,7243,92756,222666,,900,9098,6137,112,6177,23201,5175,6,338924,23915,,,5548,,2674,36668,57832,2785,835,42483,,169441,859,2219,,15,5074,,16649,487,48857,444,103,5129,2,19357,,,,,,373,2567,2031,,,179304,,3634,6038,1544,12486,,9463,13464,,42015,146590,6264,,,,545939,211744,4644,1499,8569,,3233,5406,,,,20671,,,35728,2854,10447,3649,,40657,5842,,105188,19366,2780,,,2459,,3,,,,717,,17896,,5513,19504,,3657,,,3990,26139,151,,27058,286649,3880,671,2332,1149,14223,3646,4820,28,,,10474,27387,293,10494,1914,2519,,,19023,,4292,,5952,2017,22268,5824,,1426,,14402,6636,,,2128,9848,1976,6974,24103,22436,,,,,175,,,722,92,,668,,4210,2810,715,438,,,2,,3,5313,2709,1722,,32431,78,,3135,,,43277,220799,32937,,,1891,4312,1768,5309,3472,41152,28,118524,,4447,8761,3963,2276,3820,,1616,952,,9092,1,,3995,,,40903,54063,43511,,,615,,,43260,79518,1669,,4108,9667,1,10028,28229,42835,,,11927,,13377,8,3,19201,,,10,8707,6038,1017,38105,,3946,,6,,2052,1870,,,72682,,36233,9336,,,16271,,5288,,23,,,2377,193567,24,,4,,,,,6240,5166,,234773,
2004,7152,15691,11846,,80684,,,391140,,,,28126,13281,1,,,10096,3836,9483,65172,10556,532,6982,,404906,11863,3063,5619,,,,1965,,,333,417,824,,12478,714,179988,2513,1008,2794,1513,,13,471,29404,,,277314,1977,,22099,1102,21,36015,13604,,2304,27,10925,,43373,33439,,2387,41699,64673,,4906,1723,34299,131727,24728,6339,1541,9764,89,46235,31842,,109202,1,,10173,37960,43547,3240,1,20,46615,13,4189,11252,,,527,29422,,4307,14039,8071,54793,,1159,,2999,5964,229843,3927,74953,103431,,,,,3449,23407,4552,113,971,,4189,,1908,21993,,,1970,50948,14216,,2866,13227,14493,,1441,,5773,26191,14803,,680,,29485,,,7460,47,,,1328,,,1137,3745,,,,66,,17204,26200,164011,,187743,2383,10436,,55904,111768,1,13096,3,1,,,52,88,,9719,,,9920,,155,8251,1321,,31990,243,,5206,26533,30,1275,5602,1818,3624,,10146,102,21943,462291,41,9062,,,33982,22850,1,,,,,,112866,17179,19702,92146,,,,63708,,,92622,6879,19518,,3375,2465,1,,22,,,1,,12,130045,426,8214,7,,68473,,33,9071,1103,,1,,9498,,,22,,35,4,163151,139,1,,1546,,2695,1,4,,4391,11955,5836,3,2204,38645,,412,,,12835,14783,2936,38210,,,1124,,,,,1694,,3,23,9095,,3440,6764,44,4656,,1903,702,4879,,,720,,6053,4183,,6327,217,912,,514,320,,5,,,4187,,3583,16067,1956,14124,,2744,6702,9224,2493,650,2282,,8656,266768,5398,17,,133325,3195,201,6,,13685,,328,,15885,7273,,5535,1265,,17681,15358,2265,,,2849,3170,,24,26,1542,41187,3029,46957,,,3597,,,,31493,56,30803,4449,,21646,,1182,564,,,,1,18577,3439,5622,,14243,121710,39736,25274,,,241194,469783,64242,176768,53199,4309,4692,,5396,5478,12866,,30848,50899,595,,125032,2989,7428,,21,,102733,,28227,208493,,2,4681,3333,,1712,4407,88626,2342,7558,,25084,10695,,912,6674,93683,209501,,855,8902,6213,124,6249,15325,5082,7,365976,20793,,,7800,,2884,33923,51415,2483,878,49921,6961,155028,3699,1504,,13,3878,,14890,486,50633,418,143,5077,6,20763,,,12,2062,,640,2534,2347,,,193454,,4965,6782,,13428,,15347,14134,,42166,166062,7017,,,,550183,228114,3861,1652,9181,,2983,4474,,4606,,30621,,,38070,2136,10779,3688,,42789,5805,,134246,19050,3156,,,2667,4,1,,,,,,16582,,7281,24148,,7478,,,4404,29124,106,,34157,300262,4638,666,2334,1189,18277,3180,4447,23,,,9650,27294,,10069,2462,1977,,,19697,,6030,,6068,2455,22136,5888,,1496,,18321,7070,,613,2168,9968,2208,8124,30208,19007,,,,3124,68,,,7100,180,,810,,4814,2380,114,502,,,,,3,5347,2952,1806,,37199,65,,3052,3,1,45503,234318,32253,,,1964,5428,1760,5779,,40009,37,131945,239,4737,8775,3832,2210,4135,,1756,939,,10716,2,41,4341,627,,48668,54581,50670,686,21969,604,,,46693,78239,1472,,6383,10390,,9747,28796,44034,,35,12151,,15016,3,,26392,,,10,9185,6059,1047,49733,,7478,,3,,2257,1604,,,75330,,36159,11076,,,13678,,9172,,36,,122236,2375,220981,47,,3,1,,,,7050,4130,,231121,
2005,10421,13036,11731,,89480,,,406323,1541,,,30459,13407,,,,9449,3693,9890,70203,12915,460,8101,,408203,11664,3075,5557,,,,1925,,,560,,866,,15870,668,170350,842,1039,3054,,,18,,29461,,,294346,2030,3,20406,1089,33,40329,12993,,2331,31,13214,,47695,37298,,2694,47806,66359,,3065,1749,46545,137170,24190,4123,1941,9957,27,50825,33197,,112963,,,12652,38468,51545,3706,2,21,50071,5,5244,11791,,,411,29416,1,3749,14884,9157,61311,,1139,,3606,6013,228740,,90157,116695,,,,,3425,24550,4415,80,987,,5449,,2382,20553,,,2727,51422,13671,1164,3339,13060,13302,711,,,5501,23572,13940,,,,33215,,,9729,,,,1167,,,722,2460,,,,93,5271,22372,28034,169565,,189049,2356,11638,,53811,115959,5,13344,,4,,,81,99,,7553,,,8895,,215,11732,1407,,36286,114,,5257,28880,28,1328,5925,1754,3638,,5290,159,24896,475627,46,10827,,,36430,26042,,6574,,,,2,116514,16960,23043,96555,,,,63697,,,98408,8652,18129,,2795,2461,19,,5,2,,2,,4,134199,418,8381,5,,70759,,26,9444,1066,,,1,8658,,,5,1,30,12,163136,162,3,,1538,,2665,,2,5,4504,11264,7317,,,39796,,394,1,,12236,16359,2618,38270,5146,,1122,,,,,1546,,27,7,10993,,3207,4920,40,4756,,1871,784,3451,,,848,,6256,4104,,6460,181,915,,424,294,,6,3175,,3598,,3506,16878,1985,14485,6869,1950,6557,8966,2988,668,2073,20,8854,262053,5546,13,,139938,3254,175,5,,12460,,313,,14896,6827,,6033,1264,,19112,14689,2698,,9392,2878,12653,,14,32,1560,42007,2960,48150,,,3478,,,,35949,105,30228,4449,,26101,,1083,1210,,,,,17379,3706,6172,,13403,125873,49341,29139,,,251969,472040,75424,178011,60692,4146,4923,,5928,7741,12078,,29869,51382,378,,130137,,7493,,9,,111111,,26882,217987,,,4123,4631,,,4327,90337,2365,7507,,25563,9785,,398,6472,93066,222178,,767,8119,6339,89,6635,14865,5139,63,382323,21550,,,12956,,2907,36748,48987,2127,794,55494,8390,158070,4706,1844,,20,2943,,17255,565,54132,433,219,5749,5,22067,,,188,,,636,2850,2337,6,3,198685,4,6190,7633,,12832,,15228,14698,4601,42910,170457,7299,,,,543767,230985,3464,1564,9282,,754,4346,,5904,,28439,,,34685,2991,11467,3526,,45270,6598,,150210,20502,2954,,,2391,12,,,,,1480,,16618,,9390,31243,,5120,1,716,4190,28450,6,2,47721,299552,3973,693,2321,1158,17853,3108,4561,32,,,9846,28964,,10654,2968,2250,,,23514,,5835,,6932,2417,22075,5834,,,2421,22375,7432,,,1304,10408,1754,12029,39327,25071,,,,,107,,,7729,78,,782,,4798,2286,1557,553,,,,,1,5264,3046,1778,,43829,118,,2571,2,,44840,222191,33373,,,1820,5458,2317,6242,,37108,50,135045,,5706,9176,3976,2446,4096,,1883,603,,11181,1,62,5439,,,53227,55797,47280,853,27919,605,,,44720,80201,1676,,6291,12956,2,10547,29517,45677,,,11616,,14976,5,,29096,,,8,10085,6212,1051,66128,,7713,,4,,2280,1153,,,73979,,33285,15106,,26479,12388,,7744,,46,,131119,2732,226973,42,,3,,,,,7066,4522,,229857,
2006,11841,12229,10041,2,97859,,,422234,1556,,,32489,13016,,,,10164,3692,9754,71130,12830,236,9250,,429505,12659,2664,5825,827,922,,2278,,24436,484,,1048,,16122,1074,179961,231,1012,3276,,,15,,26412,,,312365,2066,,23943,1118,20,40620,12499,,2320,15,13193,,48210,36862,,2771,51906,72640,,2968,1764,53090,134226,27946,4670,1953,10333,6,51076,32213,,108657,,,12622,38387,55624,3374,,22,51093,9,6112,11888,,23941,485,28289,31,2447,15118,8897,65825,,1071,,5934,6040,231719,10498,101968,117325,,,,,3869,26895,5211,121,962,,6248,,2968,21872,,,2112,51145,12874,1419,3772,14767,14181,,1531,,5501,22335,11851,,,,33263,,,8177,,,,1435,,,1097,2281,,,,164,7310,23760,28448,183375,,208065,2339,12329,,56305,115844,3,13700,,2,,,42,111,,7256,,,9422,,242,15252,1389,,37259,39,,5553,25427,29,1194,5681,1866,4119,,5507,247,31539,480510,46,12104,,,38447,,,6395,,,23188,,117554,17944,23739,96753,4,,2,63432,4453,,100528,10616,16776,,4314,2524,2,,3,1,,2,,32,145868,14,8615,5,,71210,,24,8992,1076,,,3,8405,,,9,,26,10,171135,198,,3805,1627,,2270,,,8,4247,13157,9171,,,44358,,580,2,,13065,16575,2172,43749,5554,,1307,,,,,1534,,4,12,11207,,3133,5233,61,4706,,1704,650,2587,334,,696,9301,4818,3752,,6302,205,970,,480,280,17742,2,3561,1,4130,,4002,17996,2238,15398,6024,817,6554,9935,2917,720,2102,26,7779,251384,5750,20,,138516,3336,318,7,,13715,5521,354,49843,14853,7630,,6208,1284,1446,19699,13126,3624,3160,7246,2774,13876,,3,23,1381,43340,2990,49932,,,2770,1502,913,,37251,69,33514,4474,,26438,,1242,1462,,,24658,,17241,3622,7081,,12158,131893,47792,32523,,,254411,470890,78837,189983,66129,4748,5229,,5398,6610,12449,5,27591,51370,329,,130870,3805,7555,22738,36,,113169,,27532,213027,,,3898,461,,1242,5610,92070,2372,8889,,28318,8982,,3,6466,97829,241474,,1248,8673,6344,106,8307,15877,5078,35,387807,22307,,,14529,,2823,38574,52282,2206,889,58053,9983,165418,4098,1936,,26,,,21350,593,57588,489,309,5722,9,18082,,,107,,,658,,2432,77,,216646,,7064,5979,1484,12408,,14607,17415,3741,46059,175586,8033,,,,559986,234969,3897,1645,9546,,,4600,,6533,,34700,,,34423,3116,11145,3462,,46201,4833,10646,155481,19405,3014,,,2471,12,,,,2,1439,1,17718,,8978,36354,,4302,,,4162,30748,6,1,51876,308578,4083,670,2304,1169,18199,3122,5075,40,,,9850,31203,1390,11377,2891,2054,,,20652,,7157,,8672,2471,23264,5832,,,1960,21392,8347,,,1484,11409,1540,11682,41682,27070,,,,,160,,,,69,,940,,4640,2344,1831,486,,,,,5,5431,3169,1750,,46314,562,,2569,,1,50212,214485,34832,12331,1893,,5137,2493,7168,,39160,34,138477,,6604,8335,4300,2583,3996,,2622,607,,10139,11,6,5393,,,57075,56623,47460,1063,34410,601,,,45244,81382,1221,,5535,12750,8,11920,32218,47606,,,10749,1,13643,3,,,,,9,9449,6223,1104,67730,,7739,,6,,2286,1148,,3886,77745,,35397,15026,,27004,12548,,8489,,44,,142916,2659,233475,18,7786,4,,,,,7302,5672,,220188,
2007,12728,14386,10357,2,102829,,,470315,,,,31628,13304,1,,,10998,3480,12730,74408,14127,197,8730,,443677,12352,2943,6540,,,,2321,,22997,1352,,1281,5325,17193,974,196710,227,974,3953,,,17,,27879,,,339020,2092,2,27963,1176,24,41886,12082,,2351,24,15875,,51804,39924,,2857,56912,74032,4,2840,1755,55114,145320,21538,3884,1386,10487,,53530,34284,,104480,,,12688,38211,59501,3400,2,17,51942,4,6179,12187,,22223,551,32336,23,7329,15516,9511,58741,,994,,5772,6390,240341,11914,118141,114647,,14886,,,3847,30266,5080,69,972,,6759,,3222,23038,,,1859,58083,13311,1352,4113,15125,16099,832,1491,,5198,20495,12023,,,,35025,,,7496,,,,1830,,,1023,2474,,,,162,8645,23098,28257,200891,,223397,3188,11094,,61493,115177,6,15015,,,,,16,189,,7301,,,9563,,273,16812,1293,,41129,12,3,6251,32584,10,1249,5456,2213,4084,,5928,334,33996,484590,51,12004,,3,39392,,,2339,,,27224,6,127873,20223,34412,93654,452,,2,62062,6216,,99385,13689,17286,,4553,2940,3,,,2,,,,12,151752,8,8708,7,,70479,,37,8260,1091,,,4,8859,,,,2,28,1,174751,120,,4184,1643,,2214,,,6,4293,13490,10516,,,48159,,624,2,,13359,15052,2283,45106,4826,,1345,,,,,1393,,4,8,13312,,3003,,48,4406,,1677,947,3744,718,,1238,11319,4893,3555,,6219,187,1596,,494,206,20282,,4325,,4111,,3975,20522,2731,15274,5771,126,6559,10814,3248,670,1980,10,8282,250170,6081,26,,138289,3201,457,5,,14166,6840,195,38722,16079,7675,,5559,1271,,19114,13099,4256,3204,9947,2673,13482,3185,18,26,1604,46752,1462,52066,,,3231,1393,,,39603,66,41368,4433,2,30805,,1255,1667,,,26815,,18440,3422,7348,,13784,141905,45769,35360,,,258919,475786,83318,191520,77274,5733,4936,,5055,6298,12166,3,28188,51346,351,,132120,,6340,21095,23,,115498,,27030,206498,,,4020,611,,,5396,98482,2341,9228,868,29573,7907,,4,6730,99147,257810,,1318,8815,6322,141,8105,15389,4995,47,407591,21968,,,16565,,2810,39224,64061,2186,865,58392,10262,173691,6523,1851,,18,,,22594,613,57919,539,228,,2,18738,,10270,114,,,747,,2498,104,1,226221,,7224,6554,,10666,,14488,17859,2548,49484,184605,9989,4363,,,569446,238467,3958,1638,10461,,,4338,,6989,,38525,,,34908,3089,11564,3052,,51179,2785,12220,164055,20337,3182,,1,2531,28,,,8611,1,,3,18452,,8183,44170,,5699,1,,4091,32125,69,,55131,332933,4530,785,2291,1225,18517,1979,5316,13,,,9726,36366,,12344,2521,1363,2014,,21166,,7417,,9746,2551,24312,5936,,,2433,20693,8779,,,1031,11269,1750,13577,48091,26733,,,,,137,,,,48,,1793,,4516,2456,3426,583,,1,,37435,1,5276,3083,1780,,47016,878,,2596,1,,54370,205251,36786,14595,1582,,5162,1224,7429,,35481,33,139723,,7603,8423,4633,2559,4086,,2973,321,,10016,6,79,5374,,,57908,56282,49398,25,34138,606,,,54275,84510,889,,8066,14821,5,12354,32230,48779,1,,9534,,13412,,,,,,8,8430,6110,1094,77023,1,9507,,10,,2277,240,13021,4129,83561,,38553,16079,,29648,11465,,8392,,28,,147985,2273,251223,15,17861,16,2,,,,6989,8237,,223707,
2008,12068,15044,11488,2,100168,,,459650,1116,,,30047,13634,,,,11273,3218,14334,76950,12533,242,8144,,435852,11036,3052,6667,530,427,,2751,,22995,,,1220,4788,16542,698,188955,157,974,2768,,,10,,27271,,,313088,1933,6,28668,1249,16,42780,12690,,2329,28,17986,,53628,40204,,2755,60001,75299,,3056,1783,57615,154304,17208,3126,1709,11041,,51905,36875,,102849,1,,10630,37782,55197,2859,1,32,52952,17,5509,11835,,25057,488,33229,27,9864,15898,11012,60067,,982,,7017,6336,235647,18473,124448,110019,,13828,,,3312,32766,4911,41,978,,7895,,3059,23478,,,1839,54736,12379,1956,4343,14628,19218,582,687,,4864,19480,15706,,,,33326,,1481,4415,,,,2394,,,940,2754,,1,,137,7426,22977,28575,202430,11829,224355,3643,9202,,66110,113515,4,17323,,,,,42,151,,7163,,,8037,,336,15047,1296,,38836,2,,6498,33125,20,1278,5515,2819,4289,9,6123,253,33027,477393,39,13940,,,40494,,1,7087,,,29842,5,130828,17571,39760,86642,1650,,1,63133,6968,,104305,13051,19038,,4725,2655,8,,,19,,2,,15,150656,31,8313,26,1,70134,,29,8227,1097,,,8,7698,,,5,,18,3,179144,355,,4018,1462,1,2218,,,1,4378,12957,10825,,,48512,,584,,,14598,13548,2163,44111,5760,2,1477,,,,,1330,,6,10,10914,,2976,,40,4082,,1717,1076,3366,649,,1552,12812,4753,3284,,5714,208,1386,,448,236,23760,1,4207,,3843,,4260,18854,2750,14810,6748,110,7141,11198,2853,645,2109,29,7868,261614,7080,38,,128241,2915,381,7,,14249,8917,241,35566,16407,6920,1,5825,1192,1403,18970,13680,4399,2619,10113,2768,14056,2907,12,29,1436,48430,1809,54571,,1032,2135,1303,905,616,37603,70,54337,4367,,33823,,1201,1545,,,26868,,17651,3669,6991,,15175,138945,43660,36842,,,256352,473209,85661,177262,84074,5823,5226,,4640,5541,12975,5,27932,51682,263,,133750,2015,6701,22390,23,,108164,,25302,191219,,,4175,537,,,5786,97953,2392,9627,5182,28231,6090,,2,6331,95621,208171,,1224,8197,6215,167,6732,15747,5022,4810,409001,21387,,,15794,,2806,40532,59944,2299,823,54703,11983,166923,11523,1795,2,16,,,20806,599,54278,561,166,,6,21801,,12302,86,,,788,,3387,51,,233771,,7394,6115,1538,11117,,12818,16804,2108,47736,182866,9337,,,,576397,234162,5133,1418,11260,,660,4488,,6541,,37959,,,35664,3173,11726,2561,,55011,2945,16347,168830,20397,3168,5129,,2419,38,,,6479,7,,,17255,,8036,54460,1053,4916,,,4079,31723,13,5,35225,340790,4275,766,2295,1295,17425,2275,4360,20,,,12816,33745,488,12154,2769,875,2096,,20481,,6751,,8793,2476,24960,5906,,,2062,18755,8209,,,623,10696,1813,15236,48668,24994,,,,,125,,,,92,,1757,,3768,2337,3322,560,,,,42553,,5443,3073,1784,,44524,869,14262,2544,2,,53988,213689,39189,18885,2143,,5286,748,7785,6151,32416,45,134897,,7816,7981,6679,4440,4146,,3283,181,,11985,4,94,7088,,,61444,54104,46952,2,29381,798,,,46916,84314,883,,6716,15123,6,14036,31850,50415,2,,9859,,12822,2,,,,,3,8462,6143,1202,76405,,8978,1,6,,2272,417,12810,5354,75234,,36333,14690,,35391,11488,,8816,,48,,145883,2141,262649,8,19516,8,6,,,33859,6742,8565,,231523,2774
2009,11035,15127,10638,,94383,,,427168,1346,,,26978,13815,,,,10152,4855,14556,70897,10388,354,6983,,396143,8615,,5887,,276,,2694,,23569,,,927,5759,14435,692,200457,114,1006,1429,,,10,,26428,,,269475,1782,,28617,1196,4,38368,13350,,,29,18592,,44060,37602,,2792,62305,69118,,3008,,61953,147717,2,3405,954,10155,,45437,32758,,93922,,,10888,35694,59081,2535,,22,45900,7,4836,9297,,20714,426,30846,29,7061,15191,10425,53796,,968,,6871,,211785,22457,124814,103513,,12029,,,3326,34864,4830,61,961,,6573,,3109,20455,,,2156,53730,11689,1188,3724,15516,26292,,,,5116,14904,18364,,,,25615,,,1117,,,,1829,,,,2091,,,,144,6143,14696,26299,169914,11159,210025,3936,5713,,57525,106444,,15614,,,,,32,138,,5518,,,8097,,253,13207,,,36626,,,6720,25346,13,1461,5486,4342,,,5760,132,31953,455094,34,12427,,,33570,,,5981,,,28450,,122996,16090,37736,74049,1751,,,54948,5630,,91735,10439,17707,,4095,1996,,,,,,4,,,137775,14,,,1,61489,,23,7348,,,,,6383,,,4,,17,1,167664,314,,3813,1493,,,,,,4471,14194,9202,,,45699,,600,,16,14230,11733,2391,43706,6014,,1279,,,,,1341,,,,8799,,3168,,47,4007,,1620,1063,3196,674,,1622,13261,3543,3349,,5032,205,1487,,444,264,25242,12,5106,,4916,,4204,16198,3271,13858,4759,83,6731,10801,2649,687,2163,,7909,230877,5761,14,,120127,2833,,12,,13308,7352,323,30025,14934,6257,,5626,1187,,18093,14885,3576,2327,10056,,14344,3052,12,13,1372,39574,1226,50521,,,2088,,,,32531,44,55478,,,25748,,1246,1640,,,25649,,17543,3991,6432,,13314,131610,42143,33476,,,245369,460148,75088,155982,66907,4185,4754,,5600,5516,12850,,27866,46557,137,,125606,,4526,21910,22,,94725,,22588,162124,,,3529,577,,,4634,97898,,8109,7572,25933,5774,,2,6434,92930,180513,,1204,9584,,126,6670,14636,,6348,377203,20128,,,13146,,,38451,56062,,822,49798,12658,151142,17950,1466,2,15,,,19997,,50897,,144,,3,18367,,13916,,,,,,,,,210786,,8236,5127,,10970,80,10463,14251,2794,48566,168283,7161,3334,400,,541776,223409,5487,1515,9624,,,4174,2195,5876,,35700,,,29814,2911,11934,2444,,51593,3056,15991,155307,15427,2967,4614,,2350,,,,5814,,,,14726,,11788,57864,1135,5047,,,3849,31109,,,38298,321253,3408,,,,15548,2613,3709,15,,,11343,22537,,12011,2781,802,2062,,18920,,6706,,6924,,24015,,,,1938,16652,8127,,,888,12656,1907,14582,40802,21245,,,,,92,,,,19,,1706,,3737,2454,,550,,,,40182,,,2281,,,40520,75,12776,2441,3,,50669,186532,40637,18759,2263,,,,7162,,27331,30,117104,,6651,8283,,,,,2311,259,,10651,,141,5863,,,57250,45128,49314,4,30254,957,,,44388,84713,1019,,9254,13858,9,10297,29847,47586,,,9757,,12332,1,,,,,1,8354,,,62496,,5556,,,,,648,11271,5373,69032,,33435,12708,,20121,12046,,5841,,18,,130526,2206,239759,3,17680,5,,4285,,31802,6802,7149,,222945,2932
2010,11263,16791,10709,,87971,,,426941,,,,19607,13220,,,,10162,3842,13569,71985,11393,538,7378,,390378,9392,,5846,,,,,,20826,,,862,6735,14979,736,181569,121,,,,,6,,11714,,,268537,1956,,32317,1173,6,39971,12450,,,22,20473,,39229,38700,,2551,65326,70997,,3330,,65469,150485,,3422,,8867,,46045,36506,,84784,,,9579,35644,63528,2762,,23,45366,13,5652,7468,,18691,559,32355,13,6233,12291,13318,53790,,,,5627,,205227,21883,128149,99632,,13497,,,,33386,4511,38,910,,,,2673,17193,,,,55555,6044,810,3559,13307,35958,,,,5402,12069,23413,,,,23456,,,,,,,,,,,1734,,,,165,6926,15238,26804,156415,11746,211359,3646,5597,,52184,100577,,18846,,,,,21,136,,5401,,,7507,,159,12334,,,38855,,,7319,24259,17,1300,5485,3888,,,6389,203,29874,455993,18,14131,,,36241,,,5892,,,30320,,123041,16710,34649,68869,1518,,,59308,5635,,93172,9237,16874,,2819,1889,,,,,,3,,,138445,4,,,,59067,,23,7754,,,,,6680,,,13,1,243,205,169934,343,,3664,1390,,,,,,4258,13404,7326,,,49135,,956,,145,14783,9614,2177,41317,5709,,1409,,,,,1346,,,,8481,,3328,,65,3190,,1608,1655,3485,843,,1408,14660,3286,3336,,6667,194,1023,,449,308,25481,,7604,,4322,,4005,16366,3138,14155,4398,115,6461,10393,2689,691,2161,,7679,240553,4458,32,,120634,3197,,3,,14537,6172,200,30509,13867,5945,,5824,1344,,17776,14072,2758,2387,9622,,16284,2775,8,10,,43075,1740,49770,,,,,,,33428,43,57179,,,26387,,1406,1408,,,27523,,16532,3731,5879,,13171,136924,43124,29756,,,233543,449249,68569,142987,59919,3848,4573,,5022,5476,12551,,29936,45563,119,,115354,,5628,22043,114,7,97307,,22770,148879,,,3167,917,,,4125,95924,,6827,7631,26258,5024,,,5912,91453,187764,,1322,7913,,138,7025,14023,,13860,368219,18778,,,11181,,,39279,55865,,776,46989,11212,132057,20978,1418,,20,,,15926,,50400,,161,,,18420,,15513,,,,,,,,,212074,,7130,5473,,11373,91,10545,12648,2624,44865,165156,6653,3912,614,,477918,215483,4682,1775,8787,,,3625,1392,4890,,35190,,,23362,,11517,2129,,54595,2939,16938,147894,13084,2671,3614,,,,,,5856,,,,11706,,9774,66606,759,6669,,,,30776,,,35595,327344,3576,,,,14571,,3953,16,,,10960,18788,,9990,,,1564,,19526,,6240,,6528,,20952,,,,1785,18145,7760,,,1231,12700,346,12714,41404,13446,,,,,100,,,,85,,1794,,3115,2367,,524,,,,40936,,,2386,,,40333,64,14078,2089,3,,48967,185429,41891,18503,2123,,,,6417,,24451,58,111740,,6588,7476,,,,,2641,671,,9949,,,4661,,,56138,46381,43973,4,30041,860,,,43551,80417,,,14049,16847,5,9455,30423,48526,,,10762,,13191,,,,,,8,8351,,,61311,,5274,,,,,990,11443,5100,68652,,32577,12750,,23544,11584,,4757,,26,,133042,1948,242324,5,18363,9,,4166,,31668,6674,7400,,227377,2505
2011,10592,17731,11356,,94796,,,422842,,,,20462,12566,,,,10219,3295,13448,73220,10368,997,7663,,425189,9575,,5907,,,,,,23827,,,756,5435,14028,737,161827,,,,2889,,,,11070,,,293578,1832,,32463,1179,,48788,12084,,,,25335,72,37307,40555,,2573,69291,75787,,3729,,65876,161310,,7111,1599,9270,,46246,38047,,83815,,,8896,36097,62597,2583,,,49625,,5437,6254,,16700,,38588,,4062,14573,15764,52670,,,,5593,,214220,18123,99510,104049,,16484,,3229,,33643,4604,10,963,,,,2495,16064,,,,57459,6769,1278,3776,13531,39832,,,,3931,10775,16179,,,,22125,,,196,,,2407,,,,,,,,,,5763,24857,27012,159975,12142,216626,2843,5119,,54609,105107,,22022,,,,,,130,,8993,,,7568,,,11931,,,40315,,,7914,25591,,1253,5410,3232,,,3149,,26874,480871,,12991,,,41784,,,2966,,,32654,,133754,17475,21751,69931,1306,,,67310,6499,,101612,8411,15348,,2956,1918,,,,,,1,,,141143,,,,,68309,,,7669,,,,,6785,,,,,,245,191821,,,3901,,,,,,,4259,12843,8532,,,53632,,1536,,,12999,10171,1607,43475,5715,,1564,,,,,1406,,,,8019,,2989,,,2920,,2118,1521,4399,915,,1723,25746,3687,3602,,6558,,1035,,486,590,27073,2,8186,,3533,,3671,19257,3146,14712,2873,,6440,10630,2050,702,2726,,6706,248632,4786,,,117575,3542,,,,16353,5932,408,29795,14952,6095,,6282,1437,,18517,14386,3566,18150,,,18682,2560,,,,46562,1496,46776,,,,,,,32777,,58772,,,32322,,1471,1539,,,27293,,17318,3314,6005,,10011,139186,45632,28803,,2601,244506,476293,72136,136867,59838,3839,4589,,7915,5412,13089,,29415,49538,134,,117375,,6628,21779,,,99170,,25707,157965,,,,1469,,,4872,94809,,7763,8389,26030,5457,,,5834,94056,183266,,1284,6678,,,7611,15761,,15551,399439,26881,,,10342,,,44803,55022,,898,44646,6662,140726,18424,1596,,,,,16361,,53631,,,,,18181,,16760,,,,,,,,,223271,,6351,,,14154,70,10467,12597,2441,46280,172085,6178,3718,637,,504751,228324,4226,1895,9427,,,3846,1801,4715,,37865,,,25439,,11686,2407,,59528,3306,16585,142600,9981,2638,3702,,,,,,5703,,,,12124,,9374,70438,,9122,,,,33967,,,33822,323564,3973,,,,14895,,4567,,7169,,15009,20687,,8488,,,1528,,19050,,5250,,6764,,18201,,,,1857,19920,7837,,,1061,13032,,13177,44391,13644,,,,4601,,,,,545,,1784,,3332,2283,,538,,,,41529,,,2576,,,40894,1259,12808,3010,,,52904,204273,43517,18947,1985,,,,6483,,24211,,123968,,6702,7495,,,,,6928,560,3598,10232,,,4662,,,57524,53204,42760,13,23430,939,,,43504,85260,,,12629,8405,,10968,30827,51248,,,11264,,14609,,,,,,4,9236,,,57309,,5526,,,,,846,10101,5015,78457,,33382,12198,,24991,11512,,4954,,,,136458,2093,243365,,18713,,,4265,,32537,6823,7154,,238190,6518
2012,7742,14998,7944,,98792,27955,1113,368604,,,1251,18981,12344,,,,10998,3132,13537,60587,8975,791,6945,722,427452,9541,,6209,,,74860,,151131,21818,,,1180,5211,11895,808,144564,,,,3499,,,,10454,731,304,281561,2098,,32426,1163,,50088,11502,3546,,,26299,12,39120,35921,,2336,72423,76607,,2789,,65810,164075,,11131,1821,9530,,43799,35674,,84060,,,9343,37142,61942,2218,,,48618,,4368,7182,159,13832,,37874,,3809,14291,15673,50652,,,,5170,,205601,3226,84044,81786,,16550,1476,3966,,31830,4829,63,932,1060,,,2772,13965,,268,,52053,6719,1263,3334,13773,44414,,,,3666,9980,11148,,,,21520,200,,738,,,1995,,,1767,,,9244,,,,4379,21910,24996,158636,12691,212231,2706,4202,,54643,102874,,24076,,,4772,,,175,,9937,1912,5797,7833,579,,12078,,,39175,,,7505,25146,,1138,6660,1529,,,1984,,24865,475458,,11096,,,35531,,,,10872,578,35470,,140322,17307,20763,72285,1402,52,,58902,6459,370,90776,7393,13859,,2693,2191,,,,,,,,,137705,,,,,72442,,,8281,,5054,,,7605,,,,,,113,169780,,,3644,,,,,,,4009,12441,8140,,,50449,452,1689,,,11308,10377,1357,39965,6365,,1251,,382,346060,111915,1496,66417,,,7123,,3251,,,2237,1085,2085,1515,4785,1209,1435,1764,24472,4137,3663,2678,3227,,1184,,532,571,27146,11,7613,,2889,9950,3857,20853,2105,14833,3178,,6410,9405,2383,1225,2564,,4926,238316,3996,,1178,112582,3212,,,4742,14621,4882,409,35879,15895,6267,,5382,1269,,15699,13478,3803,16690,9168,,17797,2760,,,,41947,1185,43384,,,,,,,30222,,59151,,,40976,,1541,1545,,,24674,,16943,2982,5725,,10292,140704,35852,25624,,3786,240391,471454,71719,131365,64310,3114,4537,,8108,5364,12339,,29919,49662,97,,115973,,6253,20440,,,94198,4084,25829,160473,,,,686,2005,,4379,100052,,8875,10369,23768,5236,,,5879,95505,167620,,1248,5902,,,7351,16058,,16028,387902,18830,22866,23778,9487,1444,,47348,54155,,850,43660,4747,146355,17007,1564,,,,,15909,,49574,,,,,17564,,12074,,,,,,,,,230037,,5176,,,12871,643,9249,13723,2424,40725,166072,4731,3792,1125,,489853,230364,1976,2219,9551,,,3881,1942,5256,353,37356,,,24056,,11559,1903,,57013,3118,19016,124544,8149,2755,3575,,,,,,5382,,,,11134,,6038,65096,,7545,,,3911,30236,,,31830,309279,3844,,,,15262,,4306,,6635,,12115,,,7843,,,1803,,16641,,4591,9101,6065,,21616,,2722,,1704,17565,7284,409,,996,13625,,11962,37745,12714,,,128,4451,,682,695,,525,,2023,2002,3078,2361,,542,,,,37819,,,1831,,,38638,7268,13375,3129,,,55041,201653,45532,17136,1956,,,,6379,,24153,,121632,,6871,7555,,,,,6365,599,5420,8802,,,4340,,1576,50563,51245,42449,4,17251,831,,633,41943,88954,1513,17383,12733,16686,,11308,32254,53851,,,11287,,14277,,,,,,7,8924,,,48478,,3767,,,6575,,822,9730,4293,78805,,31793,9749,226,27417,9341,,5027,,,,134618,2174,242286,,22054,,,4702,41,31556,6591,5895,240,232624,5504
2013,8390,15867,8045,,99918,31350,1223,325981,,,1441,18959,14019,,,,12536,2700,12979,66301,7764,750,6926,961,430130,8547,,6370,,,85077,,158847,20207,,,1107,5407,9288,796,131641,,,,2997,,,,10765,1384,85,267744,2122,,29459,880,,51014,12551,3275,,,26864,49,36588,36866,,1887,69974,78860,,3325,,57892,168500,,10477,1814,9446,8,37637,35724,270,84852,,,10282,36225,60117,,,,47563,,4550,6825,,13210,,37006,,,13451,14395,53966,,,,4525,,198673,,83201,77756,,16660,1444,3768,,29501,4776,763,1022,158,,,3062,14024,,1367,,52210,7100,1341,3190,14606,44940,,,,3329,10158,11687,,,,20173,835,,604,,,2454,,,2398,,,12372,,,,4292,22040,21213,161976,12970,205781,1357,4327,,57040,103816,,26170,,,6136,,,178,,8041,2217,6102,10475,292,,12508,,,41111,,,7405,25048,,1093,7533,,,,286,,22057,465698,,9950,,,33014,,,,13197,2469,32962,,138490,14736,20665,72502,1256,50,,57731,6921,1644,86059,7027,14310,,2792,1744,,,,,,1,,,129390,,,,,67017,,,8708,,7042,,,8034,,,,,,80,165831,,,3437,,,,,,,3914,11672,7847,,4514,48694,1653,1548,,,11043,10011,1169,42315,6198,,1558,,899,385998,134465,1497,69216,,,6386,,2892,,,1600,1404,2110,1661,4754,1339,1724,1694,20181,3104,3615,3202,2645,,1160,327,520,596,25132,,6333,,2773,12757,4039,23628,1625,16111,3480,,6463,10786,3097,1330,2268,,4505,240459,4506,,309,107000,2575,,,6409,16038,4308,399,35639,16348,6672,,4948,970,,12129,12367,3545,17759,8996,,16454,3174,,,,41254,1104,37716,,,,,,,30391,,57397,,,30449,,1483,1329,,,24764,,19440,2883,5654,,9581,142621,32947,24380,,2767,244283,469579,70881,131895,68118,3011,4081,,8048,4829,12939,,32401,50624,127,,112755,,7029,21188,,,94091,4691,25387,161050,,,,1635,2598,,3743,96743,,6928,8546,22975,4832,,,6624,90645,157919,,1025,5244,,,7658,17474,,16602,368443,12766,24266,23933,8465,1835,,46754,48704,,847,42973,4966,143009,18747,1530,,,,,22056,,47315,,,,,17867,,12039,,,,,,,,,234201,,4073,,,10709,578,8858,13012,2216,38499,161729,3245,3429,1649,,470969,229691,1743,2206,9168,,,4104,1800,4601,1528,35015,,,23931,,11364,1605,,57669,2878,14725,121546,8606,3088,3726,,,,,,5058,,,,10839,,6705,64015,,4054,,,3632,32029,,,32607,298001,3934,,,,18386,,4319,,6872,,11124,,,7681,,,1857,,17602,,4429,9660,4224,,22717,,4048,,1627,16461,7929,1618,,1030,13174,,9703,31220,12648,,,237,4232,,469,,,428,319,2049,2587,3117,2302,,544,,,,35260,,,2588,,,36056,9475,14680,1887,,,57369,210749,43425,16472,2092,,,,6340,,22763,,117540,,9197,7683,,,,,6414,629,3888,7441,,,4219,3002,1336,44952,51288,39015,2,10586,985,,406,33830,84317,1532,18051,15107,14744,,10314,33183,53722,,,9524,,13889,,,,,,2,7132,,,44913,,2335,,,7890,,896,10368,3720,74138,,27081,8187,,29624,9672,,4721,,,,138411,3338,228921,,20353,,,5520,847,30326,7344,4994,302,227899,4289
2014,9863,16205,8098,,106189,34654,1293,335048,,,1406,18996,14076,,,,13467,2486,11390,69476,8029,718,7429,1039,442736,7082,,5997,,,82108,,164760,18766,,,1128,7211,10549,799,146719,,,,2550,,,,10021,2688,7,274991,2122,,26779,882,,55013,13089,3180,,,26577,62,34794,36052,,1681,66389,77391,,3144,,60041,175725,,7939,1802,9499,34,37629,34885,1046,88986,,,8231,36861,57035,,,,48958,,4719,6714,,13191,,29594,,2948,13023,13136,52572,,,,4652,,213404,,86639,80552,,17283,1298,2796,,24867,4996,1479,1035,374,,,2740,14228,,492,,53212,6436,1208,3248,16509,42389,,,,3556,9079,12650,2524,,,19579,514,,539,,,2611,,,3151,,,12315,,,,5118,15558,21087,172556,13643,204043,1204,4048,5179,57195,101406,,28661,,,6386,,,146,,3392,2149,6488,9834,377,,12468,,,42168,,,7522,26932,,1139,7530,,,,,,18982,461963,,9690,,,37571,,,,14794,5274,39022,,143260,9714,15234,74034,1227,,,58069,6693,760,92380,6938,13788,,2766,2058,,,,,,,,,139141,,,,,54990,,,9269,,8897,,,7892,,,,,,50,164695,,,3191,,,,,,,3948,11970,7578,,4559,52120,1298,1474,,,11141,9624,1186,42618,6172,,1540,,1201,419897,171293,1603,72697,,,6558,,2859,,,1916,1510,2085,2526,4878,1399,2287,1542,10440,,3937,2571,3202,,1182,636,557,579,25280,,6176,,2948,12920,4266,27920,1800,18420,3213,,6419,10747,3148,1259,2431,,4208,247193,4110,,260,109895,3133,,,7390,17346,5179,340,33385,16719,6790,,4535,933,,14053,11900,3337,2244,4752,,14569,3137,,,,46742,676,40627,,,,,,,29868,,57390,,,30749,,1538,1043,,,26472,,18253,3258,4736,,9835,152970,29777,23129,,2062,254488,470707,75613,143099,70133,2537,3537,1892,2232,4576,12365,,34083,51894,113,,104550,,5594,21507,,,98968,4360,25033,162917,,,,621,3243,,3803,90884,,7549,6169,23219,4874,,,9102,90531,160027,,1244,5596,,,7760,15858,,13436,360889,12102,25695,26308,7644,2060,,47976,51210,,1047,42864,5938,140561,12397,1548,,,,,23117,,41112,,,,,18681,,10509,,,4360,,,,,,240504,,4575,,,10507,55,7925,12622,2233,33033,164643,2851,,1410,,463858,228038,2029,2216,8622,,,4286,1413,3964,993,34924,,,24211,,11624,2859,,61566,3464,15009,118213,6614,3475,3843,,,,,,4729,,,,11335,,5480,62004,,3016,,,2220,34429,,,33971,305602,4093,,,,18595,,4399,,6925,,6769,,,8263,,,1791,,18875,,4972,10703,4191,,21734,,4121,,1706,16927,10148,880,,656,12381,,7631,31280,15605,,,140,4204,,334,817,,449,1838,1950,3134,3333,2935,,627,,,,36812,,,2727,,,35712,11541,16206,1616,,,59279,219211,44982,11631,1747,,,,6296,,19770,,100250,,10227,7671,,,,,3548,627,3038,6747,,,4330,2783,1295,48030,55570,45109,1,9165,1018,,598,27336,81592,1453,18705,11852,14136,,8420,34723,54509,,,8123,,14385,2,,,,239,2,6560,,,43795,,2006,,,7624,,4,11001,4483,72254,,24703,7433,,34163,9745,,5180,,,10978,134751,2364,228410,,20407,,,5469,879,32007,8846,4740,240,230294,1642
2015,9604,17065,7495,,95722,37708,1546,357685,,1592,1400,19740,13937,,,,13709,2847,11731,72203,7838,451,7318,1096,455215,7819,,6399,,,87970,,161660,21329,,,1199,7602,9512,785,167945,,,,2815,,,,8426,3136,3,278966,2119,,30453,947,,57824,13145,1360,,,27658,32,36279,40570,,1692,74303,74261,,2399,,67544,177893,,7865,1702,9689,24,39556,35686,1072,89839,,,6554,36473,59458,,,,51923,,5246,8554,,14815,,27075,,2583,13006,15974,54741,,,,4423,6360,221055,,90815,85981,,16178,1534,2660,,28318,4813,373,977,1590,,,2501,14044,,564,,52600,6846,973,2920,17246,44216,,,,4048,8692,14613,2548,,,17910,636,,676,,,950,,,3917,,,13525,,,,5580,14800,20489,188771,13657,202833,1174,3922,5284,56377,107233,,30152,,,6399,,,144,,3010,2164,6950,10093,446,,12965,,,42852,,,8019,27542,,1523,7217,,,,,,18964,460549,,9801,,,37000,,,,15734,6417,48371,,146339,13720,11554,80338,1210,,,64933,1289,974,89900,7550,14939,,2435,2521,,,,,183,4,,,142075,,8573,,,53988,,,8722,,8780,,,7420,,,,,,28,165333,,,,,,,,,,3951,10913,8180,,5632,55905,1385,1391,,,11135,10581,1327,42834,5163,,1611,,1556,446944,204830,1628,79571,,,7207,,2829,,,2314,1911,2332,2065,5083,1299,2818,1498,10757,,4142,2699,3427,,1111,744,498,611,27397,,6207,,3089,14160,4414,33211,1396,18169,3113,,6405,10701,2625,1146,2291,,4213,250210,3911,,355,114754,3586,,,7859,16617,5579,384,34221,16648,6335,,4156,894,,14866,11830,2732,,6334,,16880,3454,,,,47472,309,40577,,,,,,,31148,,58518,4756,,33829,,1499,1161,,,29020,,16811,3077,4453,,7787,162830,32879,24127,,3125,262519,472059,87437,154476,79251,1927,3624,1964,1530,5397,11578,,36411,52622,160,,104951,,4895,21990,,,101018,5024,25401,164679,,,,,3886,,3589,89777,,7360,7811,27040,5127,,,9700,95891,154566,,1650,6231,5949,,8080,16110,5410,11079,365739,10758,27061,26284,7089,2202,,49068,52858,,1418,42039,5976,139766,11993,1478,,,,,22902,,39777,,,,,18706,,11775,,,4297,,,4903,,,234391,,5018,,,10141,6,7692,13973,2441,39620,169990,2871,,529,,468500,231336,1672,2259,8834,,,4591,3278,5796,1392,35714,,,25914,,13384,862,,68627,3613,14788,120073,4264,3824,3412,,,,,,4198,,,,11410,,4150,63782,,1203,,,,33694,,,37431,311824,4290,,,,18978,,4494,,6692,,7076,,,7647,,,1744,,19106,,5231,11835,4534,,19254,6000,4934,,1863,17872,12185,1133,,913,11239,,8206,33424,13256,,,71,4413,,912,719,,486,1820,1855,3766,3256,3227,,632,13490,,,38467,,5170,2551,,,34259,8975,17289,1703,,,56091,216947,47246,12158,1347,,5024,,6284,,19744,,104958,,11057,7198,3928,,,,3342,634,3776,6236,,,4177,2516,1520,46208,53852,46549,13,10181,1248,,810,35211,81099,1419,23037,11048,14532,,8310,33857,53836,,,7252,,14282,,,,,152,4,5715,6514,,46632,,1910,,,8561,,1,10861,3739,75181,,23466,7356,,36218,9240,,5784,,,16258,136390,2202,224463,,20004,,,5044,868,34165,9394,4542,210,230833,
2016,9493,16640,8018,,77681,41359,1713,359726,,5394,1590,20802,14270,,,,13035,2685,9708,84281,9214,298,6950,661,483386,7491,,6453,,,94170,,117750,17826,,,943,7698,10640,758,181422,,,,3155,,,,5065,3293,,294653,2124,,32710,1313,,61960,14278,2869,,,25149,43,38104,41546,,1755,78342,71481,,2928,,88108,179850,,7549,1722,10922,61,40200,36563,1170,104552,,,6718,36946,64421,,,,54987,,5411,4302,1070,16343,,26253,,2545,13230,16271,61087,,,,4453,6168,205774,,101887,89322,,18809,2060,2581,,28509,4762,56,1037,1659,,,2555,15956,,1760,,58664,7391,1417,3132,18755,45835,,,,4353,8378,18205,2998,,,19905,677,,637,,,,,2370,4066,,,13260,,,,10144,14294,20201,204499,16131,209351,1465,3684,6698,55876,116289,,32198,,,6567,,,142,,3017,2389,7650,9786,391,,13458,,,50962,,,8251,28684,,1473,5559,,,,,,18420,456297,,7413,,,42811,,,,15630,5338,35633,,148180,12839,10342,84329,1099,,,65464,739,2047,101116,7077,13880,,2547,2608,,,,,329,6,,,144301,,8613,,,53768,,,8700,,8685,,,6646,,,,,,6,158062,,,,,,,,,,4357,9188,7942,,9887,60795,1398,1319,,,11146,11207,1437,46723,6059,,1612,,1332,447963,219449,1689,78846,,,7326,,2680,,,1853,2030,2140,2279,4707,1155,3002,1208,11603,,4006,3345,3991,,989,881,492,539,26562,,6172,,2898,14392,4801,44560,1222,20122,3203,,6340,11045,2671,1031,2457,,3728,259225,3622,,432,123589,2974,,,7888,14549,6256,378,39499,15805,5600,,4013,888,,15550,12123,2859,2498,10148,,17627,3661,,,,51576,,50573,,,,,,,31702,,57916,4805,,33972,,1366,1149,,,29306,,19697,2723,4265,,6706,179142,38297,23822,,2882,277094,473199,102947,164240,80449,1856,2305,2575,,5185,11623,,37738,56103,15,,107058,,4806,24579,,,113072,5106,25730,184645,,,,,4296,,2813,89954,,7307,7077,29321,4398,,,11369,97687,160531,,1671,5707,6227,,7950,17266,5590,7656,379957,10541,20765,22832,7138,2358,,50578,55994,,1209,42504,7046,146779,11454,1544,,,,,23677,,40269,,,,,21458,,8693,,,5589,,,4172,,,237746,,4354,,,9462,23,7627,14291,3263,41605,185419,,,232,,471986,234837,1401,2153,8653,,,4238,2177,5104,2542,36568,,10241,27726,,15595,343,2,76647,3765,14939,128325,4698,4407,4262,,,,,,4277,,,,13437,,4721,63428,,2074,,,,35555,,,33511,310845,4206,,,,19010,,3771,,6274,,6500,,,7278,,,2009,,17320,,5100,12094,4522,,17942,6072,5145,,1893,18536,13663,1876,,865,7465,,7419,34208,13604,,,121,5118,,1334,715,,450,1667,1748,3864,3024,3754,,715,14585,,,45388,,5315,2491,,,37461,8277,19877,2095,,,50334,224857,47141,13505,1296,,5126,,6279,,17855,,105092,,11931,7025,3161,,,,4029,721,4262,4852,,,4105,2092,863,48908,61201,47681,37,12688,1714,9277,632,37949,83608,1451,23757,10186,15795,,8418,34059,54232,,,6490,,16250,,,,,144,2,5668,6537,,50327,,1646,,,9104,,,13009,2982,84355,,25053,8932,1132,38554,9580,,5806,,,17522,146659,1775,224333,,20973,,,5303,765,35729,10401,4436,243,235572,
2017,9726,16231,7302,,,37460,1745,367922,,7705,1859,20127,14760,,,,,,,92335,9446,,,1488,498545,,,6228,,,106660,,150354,,,,,7642,11395,,,,,,3413,,,,5431,3034,,310171,,,,,,63468,14265,3257,,,22302,42,,,,,,,,2980,,93188,167574,,5800,1641,11242,,42881,36071,1167,,,,,,,,,,57169,,5406,,1033,16968,,23938,,,13718,,,,,,5064,,,,110760,95389,,19111,1782,,,,4743,,,1435,,,2609,,,2147,,,6560,,1814,,,,,,,6929,23797,,,,19705,976,,,,,,,2511,4657,,,12864,,,,,14729,19016,212248,18048,212556,,,6079,,,,35670,,,6544,,,155,,3539,2916,8512,7251,582,,,,,57083,,,8519,,,1852,,,,,,,18343,468775,,7149,,,45330,,,,17016,5524,,,147613,,12177,,,,,66518,,1849,108139,7699,13835,,2664,3438,,,,,1159,2,,,145188,,,,,54184,,,,,8864,,,,,,,,,,167543,,,,,,,,,,5093,,7750,,11329,63864,1582,,,,11480,,,,5989,,,,1241,442491,210255,2001,81814,,,7667,,2707,,,2055,2166,2161,,4652,,959,911,12294,,,3598,4498,,,747,,,,,9964,,,14344,,51750,1900,,3200,,,,3042,,3082,,4037,252968,3373,,327,128447,3122,,,8625,,6598,,,,,,3983,1024,,16777,12393,2709,3189,11768,,,,,,,55836,,57564,,,,,,,,,62020,,,38453,,,,,,,,19851,,4428,1865,6297,199916,,26579,,,,,,,,,2372,,,4007,11366,,43351,60465,,,108585,,4558,25508,,,125524,5637,25719,,,,,,4286,,2778,91279,,6546,8096,28456,4748,,,,,,,,,,,,18835,,,389790,11497,22500,22890,7485,2759,,54685,,,,,,145051,11750,1630,,,,,,,43921,,,,,,,,,,5410,,,,,,,,4136,,,8437,,7685,15418,3752,,195896,,,663,,473454,229079,,,9265,,,4101,,,2480,,,11429,27836,,18953,1732,4,84563,3920,,134063,,,5545,,,,,,,,,,14064,,6157,69986,,,,,,,,,,,4285,,,,16036,,4458,,,,6337,,,5668,,,1957,,18980,,,7856,4972,,,,5440,,1931,18916,,1795,,881,,,8345,37018,13229,,,152,6091,,300,1111,,496,2110,,3711,4462,,,,15590,,,51360,,,2598,,,,,23005,2363,,,,238993,47103,13967,,,,,,,18425,,104898,,,7835,,,,,,,,5183,,,4123,165,836,54020,65579,,12,15877,,9530,164,,90866,1369,26603,,,,,,,,,6844,,15599,,,,,,,5546,,,55861,,1545,,,10361,,,14372,3569,,,,9746,1106,36569,10131,1824,6940,,,,,,222346,,,,,5481,816,36870,,5071,228,236029,
